timestamp_ms,ax_g,ay_g,az_g,label
1824,0.3095,-0.3851,0.4871,0
1834,0.2826,-0.3534,0.4881,0
1844,0.2819,-0.3173,0.5223,0
1854,0.3268,-0.2699,0.5591,0
1864,0.4137,-0.2255,0.6155,0
1874,0.5303,-0.176,0.6675,0
1884,0.6477,-0.1506,0.7126,0
1894,0.7258,-0.1555,0.7846,0
1904,0.7732,-0.1984,0.8557,0
1914,0.8193,-0.2575,0.8486,0
1924,0.8286,-0.3297,0.8283,0
1934,0.7622,-0.4127,0.8601,0
1944,0.6663,-0.4979,0.9057,0
1954,0.6136,-0.554,0.8832,0
1964,0.607,-0.5809,0.8083,0
1974,0.6028,-0.5867,0.7378,0
1984,0.5938,-0.5855,0.6875,0
1994,0.5701,-0.5623,0.6536,0
2004,0.5338,-0.5338,0.6546,0
2014,0.5115,-0.4884,0.676,0
2024,0.522,-0.4237,0.6731,0
2034,0.5381,-0.3475,0.6812,0
2044,0.5657,-0.2563,0.6572,0
2054,0.5882,-0.1774,0.6153,0
2064,0.5674,-0.1228,0.6138,0
2074,0.5323,-0.1027,0.6197,0
2084,0.5323,-0.1013,0.6033,0
2094,0.5452,-0.1115,0.5892,0
2104,0.5508,-0.1403,0.5962,0
2114,0.5474,-0.196,0.6321,0
2124,0.5628,-0.2485,0.6599,0
2134,0.5977,-0.2946,0.6599,0
2144,0.6389,-0.3302,0.6431,0
2154,0.6687,-0.3563,0.6333,0
2164,0.6699,-0.3795,0.6558,0
2174,0.6436,-0.3966,0.6768,0
2184,0.618,-0.4186,0.6768,0
2194,0.5904,-0.4374,0.6707,0
2204,0.574,-0.4554,0.6594,0
2214,0.5765,-0.462,0.6326,0
2224,0.5687,-0.464,0.6338,0
2234,0.5762,-0.4474,0.6248,0
2244,0.5879,-0.4147,0.6175,0
2254,0.5762,-0.3705,0.6448,0
2264,0.5538,-0.32,0.6704,0
2274,0.5357,-0.2694,0.6712,0
2284,0.5289,-0.2279,0.646,0
2294,0.5272,-0.2143,0.6223,0
2304,0.5154,-0.2275,0.6568,0
2314,0.5152,-0.2582,0.7087,0
2324,0.5606,-0.2782,0.7292,0
2334,0.614,-0.2897,0.7405,0
2344,0.6355,-0.3141,0.7732,0
2354,0.6424,-0.349,0.7922,0
2364,0.6594,-0.3695,0.7866,0
2374,0.6685,-0.3822,0.7846,0
2384,0.6663,-0.3924,0.8027,0
2394,0.6612,-0.3988,0.8232,0
2404,0.6743,-0.3885,0.8203,0
2414,0.6941,-0.379,0.7971,0
2424,0.6914,-0.3712,0.7986,0
2434,0.6865,-0.3597,0.7878,0
2444,0.6953,-0.3268,0.7302,0
2454,0.6692,-0.2914,0.6812,0
2464,0.6028,-0.2753,0.6716,0
2474,0.5228,-0.2792,0.6807,0
2484,0.4857,-0.2816,0.6558,0
2494,0.502,-0.2724,0.6089,0
2504,0.5364,-0.2607,0.5855,0
2514,0.5582,-0.2482,0.6267,0
2524,0.5787,-0.2323,0.6939,0
2534,0.6187,-0.2145,0.7273,0
2544,0.6629,-0.1879,0.7209,0
2554,0.6985,-0.1635,0.6965,0
2564,0.6924,-0.1477,0.7097,0
2574,0.6563,-0.153,0.761,0
2584,0.6355,-0.1633,0.791,0
2594,0.6402,-0.1718,0.7971,0
2604,0.658,-0.1835,0.7881,0
2614,0.6638,-0.2021,0.809,0
2624,0.6624,-0.2189,0.8405,0
2634,0.6836,-0.227,0.8161,0
2644,0.6995,-0.2192,0.7705,0
2654,0.6731,-0.2126,0.7627,0
2664,0.6128,-0.2018,0.7829,0
2674,0.5657,-0.1843,0.7827,0
2684,0.5655,-0.1538,0.7427,0
2694,0.5928,-0.124,0.687,0
2704,0.6114,-0.1076,0.6507,0
2714,0.5884,-0.1101,0.6707,0
2724,0.555,-0.1379,0.6868,0
2734,0.5169,-0.1774,0.7017,0
2744,0.4937,-0.2258,0.7134,0
2754,0.5081,-0.2719,0.6939,0
2764,0.5435,-0.3104,0.676,0
2774,0.5787,-0.3517,0.6819,0
2784,0.5955,-0.3917,0.7244,0
2794,0.6082,-0.4212,0.7795,0
2804,0.6316,-0.4222,0.8095,0
2814,0.6538,-0.4061,0.8274,0
2824,0.6536,-0.3763,0.8432,0
2834,0.6519,-0.3468,0.8439,0
2844,0.6526,-0.3143,0.8405,0
2854,0.6555,-0.2853,0.8464,0
2864,0.6629,-0.2555,0.842,0
2874,0.6721,-0.2253,0.8169,0
2884,0.6653,-0.1979,0.8098,0
2894,0.6306,-0.1794,0.8305,0
2904,0.5748,-0.1613,0.8481,0
2914,0.5247,-0.1462,0.8366,0
2924,0.5128,-0.1315,0.7641,0
2934,0.5106,-0.1259,0.6856,0
2944,0.4874,-0.1579,0.6604,0
2954,0.4642,-0.2218,0.6694,0
2964,0.4579,-0.2895,0.7112,0
2974,0.4727,-0.347,0.7803,0
2984,0.5191,-0.3785,0.8249,0
2994,0.5872,-0.381,0.8349,0
3004,0.6311,-0.3646,0.8562,0
3014,0.6355,-0.3502,0.874,0
3024,0.6177,-0.347,0.8642,0
3034,0.5928,-0.3629,0.8242,0
3044,0.5496,-0.4027,0.8142,0
3054,0.4996,-0.4559,0.8527,0
3064,0.5103,-0.4896,0.8586,0
3074,0.5723,-0.4947,0.8256,0
3084,0.6326,-0.4808,0.7971,0
3094,0.6482,-0.4596,0.8088,0
3104,0.606,-0.4281,0.8303,0
3114,0.5538,-0.3866,0.789,0
3124,0.5098,-0.3434,0.686,0
3134,0.4535,-0.3312,0.5894,0
3144,0.3685,-0.3385,0.5874,0
3154,0.2836,-0.3556,0.6921,0
3164,0.3224,-0.3466,0.7241,0
3174,0.46,-0.2997,0.6802,0
3184,0.5462,-0.2402,0.7444,0
3194,0.6014,-0.195,0.8342,0
3204,0.6614,-0.1262,0.8623,0
3214,0.7105,-0.0854,0.8361,0
3224,0.7014,-0.0622,0.7881,0
3234,0.6148,-0.102,0.8037,0
3244,0.4881,-0.1613,0.8476,0
3254,0.4283,-0.2406,0.813,0
3264,0.4271,-0.2846,0.7361,0
3274,0.4417,-0.327,0.6714,0
3284,0.4386,-0.379,0.6272,0
3294,0.4032,-0.4354,0.6416,0
3304,0.3688,-0.4869,0.6899,0
3314,0.3688,-0.5113,0.7244,0
3324,0.3932,-0.5028,0.7798,0
3334,0.4215,-0.4727,0.8759,0
3344,0.5035,-0.4249,0.9299,0
3354,0.6182,-0.3661,0.923,0
3364,0.7063,-0.3187,0.9084,0
3374,0.7322,-0.3085,0.894,0
3384,0.7053,-0.3287,0.8688,0
3394,0.6199,-0.3673,0.8535,0
3404,0.4823,-0.4312,0.8871,0
3414,0.3722,-0.4732,0.9064,0
3424,0.3834,-0.4591,0.8005,0
3434,0.4469,-0.4081,0.6538,0
3444,0.4095,-0.3866,0.658,0
3454,0.309,-0.4037,0.7249,0
3464,0.2643,-0.4266,0.7207,0
3474,0.2768,-0.4308,0.6392,0
3484,0.286,-0.4625,0.5804,0
3494,0.2524,-0.5259,0.617,0
3504,0.2384,-0.5931,0.6777,0
3514,0.2921,-0.6321,0.6753,0
3524,0.3619,-0.645,0.6609,0
3534,0.3678,-0.6719,0.6985,0
3544,0.3463,-0.7097,0.7629,0
3554,0.3236,-0.7449,0.8098,0
3564,0.3322,-0.7683,0.8144,0
3574,0.3475,-0.7878,0.809,0
3584,0.3561,-0.8073,0.8213,0
3594,0.3468,-0.8308,0.8493,0
3604,0.3329,-0.8623,0.8925,0
3614,0.3292,-0.8771,0.8979,0
3624,0.3373,-0.8813,0.884,0
3634,0.3434,-0.8706,0.8562,0
3644,0.3287,-0.853,0.8347,0
3654,0.2963,-0.8364,0.8291,0
3664,0.2709,-0.813,0.8322,0
3674,0.2428,-0.7903,0.8496,0
3684,0.2387,-0.7763,0.8444,0
3694,0.2748,-0.7475,0.7778,0
3704,0.3082,-0.7378,0.7239,0
3714,0.2807,-0.728,0.7507,0
3724,0.2275,-0.7424,0.8274,0
3734,0.2145,-0.7346,0.8591,0
3744,0.2333,-0.7158,0.8549,0
3754,0.2707,-0.6868,0.8347,0
3764,0.2875,-0.6499,0.8276,0
3774,0.2763,-0.6126,0.8842,0
3784,0.3078,-0.5543,0.9235,0
3794,0.39,-0.4644,0.8935,0
3804,0.4478,-0.3893,0.8735,0
3814,0.4681,-0.3419,0.8832,0
3824,0.4674,-0.2995,0.8893,0
3834,0.4488,-0.266,0.8959,0
3844,0.4215,-0.2477,0.8781,0
3854,0.3976,-0.2377,0.8264,0
3864,0.3834,-0.2275,0.7554,0
3874,0.347,-0.2433,0.7234,0
3884,0.2895,-0.2816,0.7598,0
3894,0.2868,-0.3139,0.7524,0
3904,0.3431,-0.3263,0.6941,0
3914,0.391,-0.3292,0.6702,0
3924,0.39,-0.3258,0.719,0
3934,0.3702,-0.32,0.8015,0
3944,0.3934,-0.2892,0.8408,0
3954,0.4544,-0.2504,0.8393,0
3964,0.5013,-0.2287,0.8405,0
3974,0.522,-0.2282,0.8708,0
3984,0.524,-0.224,0.9157,0
3994,0.5352,-0.2214,0.925,0
4004,0.5652,-0.2121,0.8786,0
4014,0.5752,-0.1987,0.8208,0
4024,0.534,-0.207,0.8159,0
4034,0.4725,-0.2348,0.8208,0
4044,0.421,-0.2611,0.8164,0
4054,0.3995,-0.2948,0.7954,0
4064,0.4071,-0.3148,0.7536,0
4074,0.4317,-0.3219,0.7187,0
4084,0.442,-0.3265,0.7183,0
4094,0.4354,-0.3204,0.7397,0
4104,0.4215,-0.3073,0.7807,0
4114,0.4186,-0.2865,0.809,0
4124,0.4317,-0.2528,0.8044,0
4134,0.4727,-0.225,0.7253,0
4144,0.4984,-0.2243,0.6155,0
4154,0.4498,-0.2716,0.5996,0
4164,0.3392,-0.3546,0.7217,0
4174,0.265,-0.4366,0.8457,0
4184,0.3146,-0.4837,0.8542,0
4194,0.4456,-0.4954,0.7617,0
4204,0.543,-0.5025,0.6953,0
4214,0.5367,-0.5296,0.7412,0
4224,0.4725,-0.5565,0.8471,0
4234,0.4469,-0.5616,0.9064,0
4244,0.4732,-0.5345,0.8957,0
4254,0.5042,-0.4874,0.8906,0
4264,0.5047,-0.4107,0.9533,0
4274,0.5084,-0.3102,0.9855,0
4284,0.5826,-0.2013,0.8261,0
4294,0.6731,-0.1325,0.5647,0
4304,0.5987,-0.1435,0.4715,0
4314,0.3317,-0.2592,0.6302,0
4324,0.0979,-0.4,0.8342,0
4334,0.1171,-0.5137,0.8039,0
4344,0.3405,-0.5503,0.5794,0
4354,0.4554,-0.5918,0.5303,0
4364,0.3859,-0.6546,0.7366,0
4374,0.3319,-0.6675,0.9299,0
4384,0.4032,-0.596,0.976,0
4394,0.5289,-0.4603,0.9689,0
4404,0.5894,-0.3073,1.0446,0
4414,0.6126,-0.1686,1.1554,0
4424,0.6704,-0.0329,1.1607,0
4434,0.7312,0.0798,1.0804,0
4444,0.7056,0.1401,1.0429,0
4454,0.595,0.1572,1.0973,0
4464,0.494,0.1579,1.1222,0
4474,0.4771,0.1669,1.0211,0
4484,0.4957,0.1808,0.8757,0
4494,0.471,0.1728,0.7964,0
4504,0.409,0.1416,0.7827,0
4514,0.3434,0.1037,0.801,0
4524,0.3239,0.0654,0.7932,0
4534,0.3322,0.03,0.7983,0
4544,0.3436,-0.0066,0.8371,0
4554,0.3907,-0.06,0.8461,0
4564,0.4356,-0.1169,0.8454,0
4574,0.4405,-0.1877,0.8803,0
4584,0.431,-0.2746,0.9213,0
4594,0.4244,-0.3434,0.9706,0
4604,0.4266,-0.3912,1.0248,0
4614,0.4923,-0.4051,1.0021,0
4624,0.5784,-0.3939,0.9335,0
4634,0.5984,-0.3946,0.9094,0
4644,0.5442,-0.4281,0.9465,0
4654,0.4666,-0.4903,0.9882,0
4664,0.3961,-0.563,1.0077,0
4674,0.3846,-0.614,0.9806,0
4684,0.4225,-0.6214,0.9042,0
4694,0.452,-0.5914,0.831,0
4704,0.4278,-0.556,0.8122,0
4714,0.3819,-0.5206,0.8198,0
4724,0.3566,-0.4867,0.8066,0
4734,0.3366,-0.4486,0.7981,0
4744,0.369,-0.4025,0.7322,0
4754,0.3924,-0.3414,0.7085,0
4764,0.3466,-0.286,0.8244,0
4774,0.3519,-0.2372,0.9101,0
4784,0.4425,-0.1674,0.8723,0
4794,0.5306,-0.1152,0.7959,0
4804,0.5269,-0.1245,0.7846,0
4814,0.4378,-0.176,0.8386,0
4824,0.3514,-0.2375,0.8762,0
4834,0.3341,-0.2912,0.8215,0
4844,0.3473,-0.3424,0.7444,0
4854,0.338,-0.3963,0.7263,0
4864,0.3175,-0.4454,0.7527,0
4874,0.3102,-0.482,0.7717,0
4884,0.3212,-0.5062,0.7763,0
4894,0.2843,-0.5313,0.8583,0
4904,0.2802,-0.574,0.9199,0
4914,0.3644,-0.5928,0.872,0
4924,0.4727,-0.5767,0.8025,0
4934,0.5347,-0.556,0.7715,0
4944,0.512,-0.5311,0.8083,0
4954,0.4386,-0.5013,0.864,0
4964,0.391,-0.4932,0.8357,0
4974,0.3837,-0.5255,0.7502,0
4984,0.306,-0.5606,0.7744,0
4994,0.2553,-0.5996,0.8376,0
5004,0.2726,-0.5809,0.8078,0
5014,0.3585,-0.5452,0.7166,0
5024,0.4186,-0.493,0.6221,0
5034,0.3685,-0.4696,0.6407,0
5044,0.2858,-0.4557,0.697,0
5054,0.2614,-0.4464,0.697,0
5064,0.2621,-0.4364,0.7158,0
5074,0.2314,-0.4471,0.8332,0
5084,0.288,-0.4405,0.8637,0
5094,0.4173,-0.3927,0.8252,0
5104,0.4989,-0.3402,0.8281,0
5114,0.5294,-0.3283,0.8137,0
5124,0.5018,-0.3202,0.8271,0
5134,0.4356,-0.3417,0.8357,0
5144,0.3763,-0.4007,0.813,0
5154,0.33,-0.4749,0.8015,0
5164,0.3012,-0.5499,0.8144,0
5174,0.3209,-0.6055,0.8029,0
5184,0.36,-0.6228,0.7773,0
5194,0.3732,-0.6221,0.7817,0
5204,0.3373,-0.6189,0.8193,0
5214,0.2985,-0.6153,0.8344,0
5224,0.3004,-0.5928,0.7956,0
5234,0.3082,-0.5745,0.7627,0
5244,0.296,-0.5752,0.7793,0
5254,0.2816,-0.5977,0.8398,0
5264,0.3085,-0.6241,0.8632,0
5274,0.3815,-0.6431,0.8503,0
5284,0.4347,-0.6546,0.8378,0
5294,0.4288,-0.6682,0.8525,0
5304,0.3817,-0.6878,0.8957,0
5314,0.3558,-0.7014,0.9108,0
5324,0.3575,-0.707,0.9177,0
5334,0.3741,-0.7019,0.9428,0
5344,0.4122,-0.6917,0.9518,0
5354,0.4737,-0.6699,0.936,0
5364,0.5125,-0.6411,0.9301,0
5374,0.5189,-0.6236,0.935,0
5384,0.5001,-0.6018,0.9684,0
5394,0.4715,-0.5479,0.994,0
5404,0.4649,-0.4891,0.9535,0
5414,0.4679,-0.4334,0.9015,0
5424,0.4508,-0.3866,0.8769,0
5434,0.4227,-0.369,0.8537,0
5444,0.391,-0.4032,0.8549,0
5454,0.3949,-0.4564,0.8691,0
5464,0.4657,-0.5054,0.8352,0
5474,0.5403,-0.5123,0.8161,0
5484,0.5596,-0.4618,0.8432,0
5494,0.5511,-0.3856,0.8234,0
5504,0.5196,-0.3068,0.7781,0
5514,0.4723,-0.2546,0.7283,0
5524,0.4322,-0.2333,0.6477,0
5534,0.3932,-0.2321,0.5794,0
5544,0.37,-0.2536,0.5291,0
5554,0.3766,-0.3087,0.4823,0
5564,0.39,-0.3895,0.45,0
5574,0.3373,-0.4603,0.5628,0
5584,0.235,-0.4862,0.7558,0
5594,0.317,-0.43,0.7346,0
5604,0.4637,-0.3082,0.6446,0
5614,0.5523,-0.2316,0.6214,0
5624,0.5948,-0.2228,0.6287,0
5634,0.5972,-0.2528,0.6668,0
5644,0.5669,-0.3309,0.7292,0
5654,0.5235,-0.4481,0.7954,0
5664,0.5103,-0.5267,0.8237,0
5674,0.4798,-0.5652,0.8998,0
5684,0.4579,-0.5364,1.0253,0
5694,0.5159,-0.4349,1.0624,0
5704,0.6389,-0.2704,0.9565,0
5714,0.6973,-0.1294,0.8793,0
5724,0.6531,-0.0288,0.8571,0
5734,0.5711,0.0098,0.821,0
5744,0.5013,0.0027,0.7129,0
5754,0.4491,-0.0471,0.6097,0
5764,0.4017,-0.1333,0.5892,0
5774,0.3739,-0.2138,0.6319,0
5784,0.3827,-0.2875,0.7075,0
5794,0.4442,-0.3214,0.7585,0
5804,0.5291,-0.3265,0.7815,0
5814,0.6045,-0.3283,0.7866,0
5824,0.6807,-0.3327,0.7366,0
5834,0.6929,-0.3563,0.6485,0
5844,0.6241,-0.3861,0.6162,0
5854,0.4598,-0.43,0.7124,0
5864,0.3751,-0.453,0.8386,0
5874,0.4125,-0.4034,1.0038,0
5884,0.5765,-0.348,1.1063,0
5894,0.8332,-0.3063,1.0067,0
5904,1.0287,-0.248,0.8386,0
5914,1.0065,-0.2223,0.8108,0
5924,0.8359,-0.2319,0.8435,0
5934,0.6411,-0.2402,0.7993,0
5944,0.4413,-0.2228,0.7022,0
5954,0.2699,-0.2026,0.6438,0
5964,0.1918,-0.1254,0.5774,0
5974,0.2319,-0.0437,0.4469,0
5984,0.3121,0.0405,0.358,0
5994,0.3466,0.0691,0.3876,0
6004,0.3988,0.0356,0.4305,0
6014,0.4171,0.0061,0.5464,0
6024,0.4237,-0.0615,0.7017,0
6034,0.4884,-0.1213,0.7671,0
6044,0.5726,-0.1416,0.7949,0
6054,0.6492,-0.1818,0.8015,0
6064,0.6814,-0.248,0.7912,0
6074,0.6529,-0.3231,0.8112,0
6084,0.6197,-0.3815,0.809,0
6094,0.5828,-0.432,0.7866,0
6104,0.5445,-0.4539,0.7732,0
6114,0.4774,-0.4435,0.8051,0
6124,0.4227,-0.4459,0.8039,0
6134,0.3937,-0.4086,0.7397,0
6144,0.3039,-0.39,0.7288,0
6154,0.2009,-0.3524,0.7585,0
6164,0.1735,-0.2951,0.6838,0
6174,0.1262,-0.2399,0.7134,0
6184,0.0539,-0.1791,0.8496,0
6194,0.1027,-0.1694,0.9372,0
6204,0.2697,-0.1137,1.0189,0
6214,0.5059,-0.0818,1.1051,0
6224,0.7124,-0.0874,1.2337,0
6234,0.7947,-0.1103,1.4309,0
6244,0.7873,-0.1808,1.5319,0
6254,0.7583,-0.2589,1.4468,0
6264,0.6724,-0.3402,1.264,0
6274,0.5064,-0.4088,1.1112,0
6284,0.2824,-0.4742,1.0482,0
6294,0.1113,-0.4903,1.0038,0
6304,0.0115,-0.4647,0.9521,0
6314,-0.0351,-0.4032,0.9028,0
6324,-0.0256,-0.3158,0.8669,0
6334,-0.0195,-0.2101,0.9125,0
6344,0.012,-0.1086,0.9867,0
6354,0.1081,-0.0039,1.0175,0
6364,0.1933,0.0891,1.0541,0
6374,0.2589,0.1294,1.0658,0
6384,0.3095,0.122,1.0629,0
6394,0.3361,0.0881,1.0751,0
6404,0.3429,0.0181,1.0804,0
6414,0.3168,-0.0761,1.0836,0
6424,0.257,-0.165,1.0987,0
6434,0.204,-0.237,1.0741,0
6444,0.1921,-0.2965,0.9716,0
6454,0.1499,-0.3483,0.9206,0
6464,0.0793,-0.4095,0.9423,0
6474,0.0947,-0.4332,0.9035,0
6484,0.185,-0.4029,0.8105,0
6494,0.2138,-0.3729,0.8051,0
6504,0.1469,-0.3541,0.9301,0
6514,0.1254,-0.2926,0.9821,0
6524,0.1869,-0.1923,0.9242,0
6534,0.2199,-0.0771,0.873,0
6544,0.2314,-0.0481,0.7871,0
6554,0.1657,-0.0405,0.7912,0
6564,0.0942,-0.1291,0.8608,0
6574,0.0605,-0.1967,0.9523,0
6584,0.1538,-0.2641,0.9799,0
6594,0.2599,-0.2729,1.0785,0
6604,0.3549,-0.2753,1.2393,0
6614,0.4913,-0.2292,1.2776,0
6624,0.5896,-0.1889,1.1144,0
6634,0.5982,-0.2819,0.8474,0
6644,0.36,-0.4164,0.8491,0
6654,0.0966,-0.5943,0.9487,0
6664,0.0161,-0.6646,0.9416,0
6674,0.0857,-0.638,0.8911,0
6684,0.2038,-0.5721,0.8591,0
6694,0.267,-0.483,0.9416,0
6704,0.3563,-0.3715,0.9989,0
6714,0.4842,-0.2062,0.9687,0
6724,0.5501,-0.0757,0.9301,0
6734,0.5118,-0.0207,0.955,0
6744,0.4232,-0.0244,0.9655,0
6754,0.3722,-0.0522,0.8808,0
6764,0.1838,-0.1816,0.9479,0
6774,0.0322,-0.3109,1.0294,0
6784,0.0298,-0.3697,0.9943,0
6794,0.1201,-0.4061,0.8806,0
6804,0.2319,-0.4347,0.7205,0
6814,0.2402,-0.513,0.6799,0
6824,0.1423,-0.5857,0.7707,0
6834,0.1503,-0.7061,0.7578,0
6844,0.123,-0.7856,0.8693,0
6854,0.2016,-0.8476,0.9247,0
6864,0.3776,-0.8496,0.8681,0
6874,0.5313,-0.7707,0.8566,0
6884,0.5469,-0.7275,0.9279,0
6894,0.5362,-0.7146,0.9545,0
6904,0.4998,-0.6375,0.9621,0
6914,0.4588,-0.5521,0.9306,0
6924,0.4688,-0.4525,0.8315,0
6934,0.4315,-0.2899,0.8666,0
6944,0.3944,-0.1315,0.996,0
6954,0.4923,0.1147,1.0602,0
6964,0.5711,0.2858,1.0365,0
6974,0.6282,0.3341,0.7912,0
6984,0.4674,0.2999,0.7041,0
6994,0.1303,0.1862,0.8544,0
7004,-0.0576,0.071,0.8313,0
7014,-0.0534,0.0017,0.6189,0
7024,-0.05,-0.0471,0.4942,0
7034,-0.0766,-0.1747,0.5101,0
7044,-0.1115,-0.3017,0.6668,0
7054,-0.093,-0.4081,0.8615,0
7064,0.0935,-0.4871,0.9228,0
7074,0.3507,-0.5006,0.9101,0
7084,0.4876,-0.5491,1.027,0
7094,0.5533,-0.596,1.1378,0
7104,0.587,-0.6187,1.1988,0
7114,0.6133,-0.5972,1.1149,0
7124,0.6387,-0.6062,0.8801,0
7134,0.4378,-0.6921,0.9113,0
7144,0.1313,-0.7949,1.1737,0
7154,0.0144,-0.8342,1.3321,0
7164,0.2253,-0.8022,1.1786,0
7174,0.618,-0.6514,0.8137,0
7184,0.6853,-0.5084,0.7502,0
7194,0.4178,-0.5218,0.9379,0
7204,0.2563,-0.4815,0.9125,0
7214,0.1621,-0.3805,0.8234,0
7224,0.0761,-0.3265,0.7803,0
7234,0.0854,-0.2936,0.6668,0
7244,0.133,-0.2851,0.5691,0
7254,0.125,-0.3195,0.5987,0
7264,0.1567,-0.4456,0.6255,0
7274,0.2282,-0.5125,0.659,0
7284,0.2311,-0.5599,0.8256,0
7294,0.2607,-0.6265,1.0089,0
7304,0.4466,-0.647,0.9452,0
7314,0.7454,-0.6372,0.564,0
7324,0.8134,-0.627,0.3685,0
7334,0.5189,-0.7183,0.5674,0
7344,0.1711,-0.8152,0.8298,0
7354,0.0547,-0.8095,0.874,0
7364,0.1372,-0.7324,0.7766,0
7374,0.2721,-0.6111,0.6345,0
7384,0.3546,-0.4871,0.6018,0
7394,0.3549,-0.3226,0.8059,0
7404,0.4176,-0.1606,0.943,0
7414,0.6272,-0.0554,0.8252,0
7424,0.7202,0.0322,0.7478,0
7434,0.5752,0.0066,0.9208,0
7444,0.4071,-0.0588,1.0865,0
7454,0.3998,-0.0827,0.9596,0
7464,0.4608,-0.1328,0.6931,0
7474,0.3829,-0.2463,0.6101,0
7484,0.145,-0.4003,0.7878,0
7494,0.0166,-0.5743,0.8791,0
7504,0.0857,-0.6282,0.8076,0
7514,0.1909,-0.6677,0.7451,0
7524,0.2663,-0.7173,0.7864,0
7534,0.2907,-0.7605,0.8586,0
7544,0.3863,-0.7832,0.7593,0
7554,0.4725,-0.707,0.618,0
7564,0.3883,-0.6594,0.659,0
7574,0.255,-0.6777,0.7815,0
7584,0.205,-0.6536,0.8427,0
7594,0.2487,-0.6536,0.8078,0
7604,0.3075,-0.6494,0.7593,0
7614,0.306,-0.655,0.801,0
7624,0.278,-0.6465,0.9025,0
7634,0.3092,-0.6043,0.9645,0
7644,0.3917,-0.5081,0.9709,0
7654,0.4691,-0.4046,0.9855,0
7664,0.5403,-0.3327,0.9843,0
7674,0.5931,-0.3322,0.935,0
7684,0.5618,-0.3983,0.8195,0
7694,0.4129,-0.532,0.6846,0
7704,0.1218,-0.667,0.7556,0
7714,-0.0832,-0.7556,0.7478,0
7724,-0.1198,-0.7617,0.5948,0
7734,-0.083,-0.7214,0.5172,0
7744,-0.0305,-0.6612,0.6033,0
7754,0.0754,-0.6155,0.6756,0
7764,0.2016,-0.5957,0.7227,0
7774,0.2619,-0.5772,0.8632,0
7784,0.3097,-0.5777,0.9208,0
7794,0.3959,-0.5342,0.8244,0
7804,0.4171,-0.4508,0.7522,0
7814,0.3593,-0.4327,0.7219,0
7824,0.2087,-0.4825,0.7502,0
7834,0.0595,-0.6087,0.7292,0
7844,-0.0737,-0.73,0.749,0
7854,-0.1372,-0.8466,0.7397,0
7864,-0.1069,-0.9438,0.7256,0
7874,-0.0444,-0.9504,0.8291,0
7884,0.0998,-0.8884,0.9247,0
7894,0.2794,-0.7446,0.9694,0
7904,0.4242,-0.6072,0.9782,0
7914,0.4647,-0.5157,0.9879,0
7924,0.411,-0.4991,0.9613,0
7934,0.3029,-0.5533,0.8171,0
7944,0.1472,-0.6284,0.7063,0
7954,-0.032,-0.6982,0.7405,0
7964,-0.1223,-0.7175,0.8188,0
7974,-0.1113,-0.679,0.8784,0
7984,0.0322,-0.6353,0.8264,0
7994,0.1916,-0.5774,0.7837,0
8004,0.2668,-0.5813,0.7812,0
8014,0.2177,-0.6699,0.8893,0
8024,0.1511,-0.7912,0.9774,0
8034,0.1586,-0.8776,0.9914,0
8044,0.2214,-0.9125,1.0028,0
8054,0.2919,-0.9343,0.985,0
8064,0.3202,-0.9091,0.9787,0
8074,0.3217,-0.8867,0.9352,0
8084,0.3004,-0.8178,0.8586,0
8094,0.1579,-0.7578,0.8513,0
8104,-0.0671,-0.7161,0.9352,0
8114,-0.2531,-0.679,1.0153,0
8124,-0.1589,-0.5377,0.871,0
8134,0.0383,-0.329,0.709,0
8144,0.1596,-0.2074,0.6882,0
8154,0.194,-0.0871,0.7942,0
8164,0.2226,-0.0188,0.9333,0
8174,0.3246,0.012,0.8452,0
8184,0.4012,-0.0103,0.6367,0
8194,0.2106,-0.0613,0.8281,0
8204,0.1772,-0.1184,0.9255,0
8214,0.3749,-0.029,0.7273,0
8224,0.4871,-0.0193,0.6209,0
8234,0.4398,-0.114,0.7036,0
8244,0.4071,-0.2492,0.7798,0
8254,0.431,-0.4012,0.7456,0
8264,0.3917,-0.5816,0.7727,0
8274,0.2895,-0.7249,1.077,0
8284,0.4637,-0.6631,1.0734,0
8294,0.7114,-0.5828,0.895,0
8304,0.6511,-0.4664,1.0411,0
8314,0.5111,-0.4171,1.2181,0
8324,0.5159,-0.3839,1.1002,0
8334,0.5181,-0.3334,0.9084,0
8344,0.4198,-0.4361,0.7949,0
8354,0.2106,-0.5179,1.0038,0
8364,0.2702,-0.4242,1.0692,0
8374,0.563,-0.1579,0.812,0
8384,0.5616,0.0498,0.8064,0
8394,0.4042,0.0571,0.9318,0
8404,0.3256,0.0749,0.8547,0
8414,0.389,0.0312,0.5711,0
8424,0.3846,-0.052,0.4046,0
8434,0.1962,-0.1752,0.5884,0
8444,0.111,-0.2919,0.7153,0
8454,0.1957,-0.3248,0.6673,0
8464,0.3192,-0.3292,0.6389,0
8474,0.3851,-0.3302,0.7102,0
8484,0.4098,-0.3358,0.8444,0
8494,0.4644,-0.3385,0.8886,0
8504,0.5557,-0.3685,0.843,0
8514,0.5938,-0.4256,0.8808,0
8524,0.6004,-0.4923,0.9445,0
8534,0.5987,-0.5408,0.9833,0
8544,0.565,-0.5718,0.9909,0
8554,0.5211,-0.5884,0.9328,0
8564,0.4561,-0.6009,0.8547,0
8574,0.3646,-0.6072,0.8098,0
8584,0.2999,-0.604,0.7812,0
8594,0.2641,-0.5953,0.7505,0
8604,0.2533,-0.5809,0.6961,0
8614,0.2057,-0.5589,0.7195,0
8624,0.1625,-0.5455,0.7612,0
8634,0.2043,-0.5069,0.7275,0
8644,0.2726,-0.4322,0.7095,0
8654,0.3121,-0.3766,0.761,0
8664,0.339,-0.3407,0.84,0
8674,0.3907,-0.308,0.9013,0
8684,0.4557,-0.3026,0.9279,0
8694,0.5257,-0.3241,0.9284,0
8704,0.5418,-0.33,0.9445,0
8714,0.4949,-0.3514,0.9543,0
8724,0.4227,-0.3656,0.9562,0
8734,0.3849,-0.3424,0.873,0
8744,0.3707,-0.3378,0.7678,0
8754,0.3212,-0.3385,0.7519,0
8764,0.279,-0.3566,0.7541,0
8774,0.2594,-0.3756,0.7478,0
8784,0.2516,-0.3881,0.741,0
8794,0.2733,-0.3998,0.7131,0
8804,0.2777,-0.3812,0.7497,0
8814,0.3102,-0.3436,0.8008,0
8824,0.3546,-0.2677,0.8715,0
8834,0.4027,-0.1725,0.9406,0
8844,0.4669,-0.0774,0.9601,0
8854,0.5179,0.0037,0.9972,0
8864,0.5743,0.0478,1.0431,0
8874,0.6428,0.0644,1.0682,0
8884,0.6792,0.0547,1.1195,0
8894,0.6824,0.0288,1.1705,0
8904,0.6538,-0.0066,1.1961,0
8914,0.6309,-0.041,1.1725,0
8924,0.6172,-0.0642,1.1295,0
8934,0.585,-0.0971,1.1083,0
8944,0.5396,-0.1584,1.0883,0
8954,0.4993,-0.2128,1.0494,0
8964,0.4605,-0.2819,1.0248,0
8974,0.4359,-0.3363,1.0194,0
8984,0.4115,-0.3829,1.0189,0
8994,0.3968,-0.4266,0.996,0
9004,0.369,-0.4742,0.9809,0
9014,0.3644,-0.5098,0.9404,0
9024,0.3593,-0.5428,0.9052,0
9034,0.3419,-0.5718,0.9011,0
9044,0.3102,-0.596,0.9289,0
9054,0.2916,-0.6099,0.9601,0
9064,0.3222,-0.6206,0.9594,0
9074,0.3949,-0.6043,0.9374,0
9084,0.4503,-0.595,0.925,0
9094,0.4791,-0.5816,0.9211,0
9104,0.4735,-0.5428,0.9145,0
9114,0.4454,-0.5245,0.9174,0
9124,0.3915,-0.4847,1.0077,0
9134,0.4393,-0.4369,0.9906,0
9144,0.5606,-0.378,0.8327,0
9154,0.5533,-0.3497,0.8032,0
9164,0.4647,-0.3597,0.8234,0
9174,0.4212,-0.3641,0.7456,0
9184,0.3949,-0.3388,0.6343,0
9194,0.3383,-0.3185,0.5523,0
9204,0.2611,-0.3065,0.5174,0
9214,0.1816,-0.2965,0.503,0
9224,0.1347,-0.287,0.4661,0
9234,0.1276,-0.2907,0.3766,0
9244,0.132,-0.2946,0.31,0
9254,0.1313,-0.3009,0.3039,0
9264,0.1225,-0.3114,0.3236,0
9274,0.1208,-0.306,0.3529,0
9284,0.1272,-0.2907,0.3888,0
9294,0.1667,-0.2699,0.3922,0
9304,0.2055,-0.2565,0.4105,0
9314,0.2153,-0.2543,0.4801,0
9324,0.2441,-0.2785,0.554,0
9334,0.2829,-0.2982,0.6453,0
9344,0.3458,-0.3148,0.7317,0
9354,0.4549,-0.3248,0.7519,0
9364,0.5286,-0.3434,0.7903,0
9374,0.5359,-0.3812,0.8801,0
9384,0.5242,-0.4337,0.9425,0
9394,0.5023,-0.4852,0.9555,0
9404,0.4903,-0.5264,0.9435,0
9414,0.5059,-0.5364,0.9025,0
9424,0.5089,-0.5357,0.895,0
9434,0.4832,-0.5308,0.9418,0
9444,0.4527,-0.525,0.9931,0
9454,0.4298,-0.4959,1.0292,0
9464,0.4273,-0.4491,1.0319,0
9474,0.4364,-0.3861,0.9882,0
9484,0.4383,-0.34,0.9452,0
9494,0.4237,-0.32,0.9372,0
9504,0.4164,-0.3229,0.9521,0
9514,0.3859,-0.3475,1.0258,0
9524,0.3495,-0.3685,1.149,0
9534,0.3912,-0.3771,1.1895,0
9544,0.4598,-0.3568,1.1988,0
9554,0.5123,-0.349,1.2147,0
9564,0.5379,-0.3571,1.2276,0
9574,0.5296,-0.4022,1.2454,0
9584,0.5325,-0.4679,1.2342,0
9594,0.5691,-0.5298,1.192,0
9604,0.5884,-0.5938,1.1273,0
9614,0.514,-0.6609,1.1415,0
9624,0.4149,-0.7178,1.1349,0
9634,0.327,-0.7493,1.0963,0
9644,0.2582,-0.7761,1.0236,0
9654,0.2577,-0.7558,0.8713,0
9664,0.2643,-0.7178,0.7324,0
9674,0.2736,-0.6223,0.6304,0
9684,0.2567,-0.5291,0.6045,0
9694,0.2101,-0.4103,0.6814,0
9704,0.1967,-0.2965,0.7351,0
9714,0.2719,-0.183,0.6546,0
9724,0.3451,-0.1035,0.5608,0
9734,0.3566,-0.0595,0.5887,0
9744,0.3873,-0.029,0.6177,0
9754,0.4281,-0.0085,0.6165,0
9764,0.4537,-0.0112,0.5721,0
9774,0.4173,-0.0649,0.5245,0
9784,0.3097,-0.1808,0.482,0
9794,0.1503,-0.3353,0.4859,0
9804,0.0173,-0.4747,0.5167,0
9814,0.0107,-0.5274,0.4815,0
9824,0.0791,-0.4971,0.3766,0
9834,0.062,-0.472,0.3649,0
9844,-0.0386,-0.4374,0.4705,0
9854,-0.0947,-0.4129,0.5323,0
9864,-0.0661,-0.3658,0.543,0
9874,0.0442,-0.3673,0.5689,0
9884,0.1916,-0.3595,0.6524,0
9894,0.2482,-0.3488,1.0368,0
9904,0.3334,-0.2719,1.4753,0
9914,0.616,-0.1428,1.6093,0
9924,0.8979,0.0308,1.5439,0
9934,1.0155,0.0923,1.459,0
9944,0.9201,0.0359,1.4585,0
9954,0.7331,-0.1203,1.4646,0
9964,0.5338,-0.3693,1.405,0
9974,0.3871,-0.6336,1.3513,0
9984,0.2719,-0.7986,1.347,0
9994,0.2355,-0.9037,1.3038,0
10004,0.2421,-0.8986,1.2427,0
10014,0.2292,-0.8059,1.2581,0
10024,0.2421,-0.6673,1.2571,0
10034,0.3012,-0.5072,1.2222,0
10044,0.3832,-0.3881,1.1805,0
10054,0.5015,-0.3378,1.1346,0
10064,0.5845,-0.297,1.1883,0
10074,0.6392,-0.2489,1.274,0
10084,0.676,-0.1921,1.2854,0
10094,0.6231,-0.1437,1.2481,0
10104,0.5106,-0.1452,1.1688,0
10114,0.4005,-0.1894,1.0206,0
10124,0.3431,-0.2436,0.8015,0
10134,0.2692,-0.3192,0.6536,0
10144,0.1308,-0.3978,0.6621,0
10154,0.0837,-0.4361,0.6223,0
10164,0.0725,-0.4239,0.5677,0
10174,0.0632,-0.4125,0.5628,0
10184,0.0993,-0.3944,0.5586,0
10194,0.2099,-0.35,0.5101,0
10204,0.3065,-0.3051,0.501,0
10214,0.3517,-0.3046,0.5264,0
10224,0.3634,-0.3204,0.5377,0
10234,0.3397,-0.3363,0.595,0
10244,0.3341,-0.3131,0.5845,0
10254,0.3358,-0.2868,0.4886,0
10264,0.257,-0.2875,0.4361,0
10274,0.224,-0.2865,0.38,0
10284,0.2443,-0.2875,0.2977,0
10294,0.2209,-0.2956,0.2655,0
10304,0.1306,-0.3121,0.3141,0
10314,0.0093,-0.3268,0.3688,0
10324,-0.0632,-0.3534,0.378,0
10334,-0.0681,-0.3522,0.3485,0
10344,-0.022,-0.3656,0.3148,0
10354,0.0117,-0.3929,0.3595,0
10364,0.0063,-0.4332,0.4949,0
10374,0.0229,-0.4996,0.6511,0
10384,0.0481,-0.5643,0.8127,0
10394,0.0935,-0.6436,1.0119,0
10404,0.1911,-0.6926,1.2305,0
10414,0.3644,-0.7031,1.4004,0
10424,0.575,-0.6907,1.5254,0
10434,0.748,-0.6736,1.6679,0
10444,0.8801,-0.6499,1.7767,0
10454,0.9709,-0.627,1.8026,0
10464,0.984,-0.616,1.7453,0
10474,0.8964,-0.6189,1.6584,0
10484,0.7266,-0.6426,1.5629,0
10494,0.5445,-0.6507,1.4182,0
10504,0.3917,-0.6453,1.2332,0
10514,0.2626,-0.6092,1.0604,0
10524,0.1291,-0.5545,0.9587,0
10534,0.0195,-0.4784,0.9128,0
10544,-0.0283,-0.3922,0.8483,0
10554,-0.0127,-0.3039,0.7763,0
10564,0.0454,-0.2277,0.7273,0
10574,0.1323,-0.1652,0.7349,0
10584,0.2279,-0.1313,0.79,0
10594,0.3434,-0.1191,0.8476,0
10604,0.4539,-0.1201,0.9103,0
10614,0.5469,-0.1437,0.9862,0
10624,0.645,-0.1657,1.0177,0
10634,0.7314,-0.1862,0.9865,0
10644,0.7412,-0.2348,0.9062,0
10654,0.6658,-0.3175,0.792,0
10664,0.5189,-0.4147,0.6629,0
10674,0.3414,-0.4918,0.5523,0
10684,0.1581,-0.5267,0.5184,0
10694,0.0761,-0.4959,0.4168,0
10704,0.0732,-0.4327,0.2716,0
10714,0.0747,-0.3541,0.1569,0
10724,0.0339,-0.2834,0.1364,0
10734,-0.0486,-0.1999,0.1789,0
10744,-0.1098,-0.1152,0.2289,0
10754,-0.134,-0.0203,0.2463,0
10764,-0.112,0.0615,0.2204,0
10774,-0.0866,0.1059,0.2013,0
10784,-0.0737,0.1413,0.2892,0
10794,-0.0142,0.1386,0.3934,0
10804,0.0754,0.1445,0.546,0
10814,0.1757,0.1252,0.7334,0
10824,0.3036,0.091,0.8652,0
10834,0.4225,0.0388,0.9709,0
10844,0.5052,-0.0334,1.0865,0
10854,0.5474,-0.1545,1.1707,0
10864,0.5816,-0.2899,1.1844,0
10874,0.5569,-0.4273,1.1742,0
10884,0.4732,-0.6031,1.1764,0
10894,0.3905,-0.751,1.1717,0
10904,0.349,-0.8471,1.1473,0
10914,0.3461,-0.9177,1.0985,0
10924,0.3336,-0.9291,1.0929,0
10934,0.2958,-0.9011,1.1346,0
10944,0.2631,-0.8383,1.1729,0
10954,0.2109,-0.7395,1.263,0
10964,0.1179,-0.628,1.4187,0
10974,0.1294,-0.5176,1.456,0
10984,0.2214,-0.3973,1.4355,0
10994,0.3131,-0.3224,1.429,0
11004,0.399,-0.3229,1.4558,0
11014,0.4481,-0.3758,1.5495,0
11024,0.5001,-0.4725,1.6203,0
11034,0.5479,-0.5835,1.612,0
11044,0.5474,-0.7087,1.5634,0
11054,0.4906,-0.821,1.5002,0
11064,0.4129,-0.9086,1.4087,0
11074,0.3512,-0.9408,1.2859,0
11084,0.2948,-0.9003,1.1727,0
11094,0.2038,-0.8239,1.1158,0
11104,0.1062,-0.7324,1.1014,0
11114,0.0857,-0.6026,1.0282,0
11124,0.1254,-0.4498,0.9301,0
11134,0.1921,-0.2741,0.8542,0
11144,0.2314,-0.1152,0.8208,0
11154,0.2589,-0.0081,0.7788,0
11164,0.2802,0.0715,0.6934,0
11174,0.2907,0.0986,0.5821,0
11184,0.289,0.0927,0.4535,0
11194,0.2607,0.0686,0.3278,0
11204,0.1594,0.0154,0.2877,0
11214,0.0315,-0.0461,0.2938,0
11224,-0.0364,-0.093,0.2599,0
11234,-0.053,-0.1237,0.2057,0
11244,-0.041,-0.145,0.1413,0
11254,-0.0327,-0.1909,0.103,0
11264,-0.0278,-0.2433,0.0945,0
11274,-0.0298,-0.2941,0.1193,0
11284,-0.0525,-0.3556,0.1865,0
11294,-0.0876,-0.4173,0.2858,0
11304,-0.1008,-0.4603,0.3788,0
11314,-0.0659,-0.4901,0.4391,0
11324,0.0176,-0.4984,0.481,0
11334,0.1069,-0.5001,0.5511,0
11344,0.1581,-0.4896,0.6941,0
11354,0.1386,-0.4071,1.1175,0
11364,0.2377,-0.2826,1.4246,0
11374,0.565,-0.1376,1.3462,0
11384,0.8266,-0.0632,1.2711,0
11394,0.8613,-0.1108,1.3665,0
11404,0.7937,-0.2362,1.46,0
11414,0.7173,-0.3632,1.4407,0
11424,0.6106,-0.4913,1.3721,0
11434,0.4784,-0.6055,1.3013,0
11444,0.3407,-0.6565,1.2271,0
11454,0.1706,-0.6807,1.1864,0
11464,0.0168,-0.689,1.149,0
11474,-0.0705,-0.6782,1.1017,0
11484,-0.0966,-0.6726,1.0502,0
11494,-0.0752,-0.6726,1.015,0
11504,-0.0452,-0.6846,1.0375,0
11514,-0.0095,-0.6968,1.1239,0
11524,0.0556,-0.71,1.22,0
11534,0.1606,-0.7085,1.314,0
11544,0.2912,-0.689,1.3782,0
11554,0.3841,-0.669,1.4421,0
11564,0.4359,-0.6582,1.5144,0
11574,0.4825,-0.6524,1.5334,0
11584,0.5601,-0.6419,1.4441,0
11594,0.5906,-0.6419,1.3548,0
11604,0.5362,-0.669,1.2901,0
11614,0.4298,-0.6975,1.2174,0
11624,0.3026,-0.7,1.1246,0
11634,0.1992,-0.667,0.9928,0
11644,0.1137,-0.5935,0.8532,0
11654,0.0376,-0.4784,0.7312,0
11664,-0.0166,-0.3688,0.6328,0
11674,-0.0454,-0.258,0.5472,0
11684,-0.0312,-0.1616,0.4659,0
11694,-0.0034,-0.0796,0.4066,0
11704,0.0434,-0.0286,0.3453,0
11714,0.0844,0.0063,0.2973,0
11724,0.0979,0.0151,0.2914,0
11734,0.1179,0.0154,0.3119,0
11744,0.1586,0.0144,0.3102,0
11754,0.2131,0.0164,0.3036,0
11764,0.2443,0.0041,0.3322,0
11774,0.2663,-0.0229,0.3568,0
11784,0.2611,-0.0664,0.3636,0
11794,0.2118,-0.1447,0.3834,0
11804,0.1025,-0.2621,0.3002,0
11814,-0.135,-0.4215,0.37,0
11824,-0.2267,-0.5301,0.5413,0
11834,-0.1279,-0.4991,0.648,0
11844,0.1294,-0.4752,0.6021,0
11854,0.3241,-0.4308,0.5601,0
11864,0.3385,-0.4251,0.74,0
11874,0.2824,-0.4442,0.9828,0
11884,0.3268,-0.4542,1.0524,0
11894,0.4164,-0.4552,1.0097,0
11904,0.4256,-0.5093,1.0451,0
11914,0.3571,-0.5862,1.1612,0
11924,0.3222,-0.6521,1.2169,0
11934,0.3309,-0.697,1.2154,0
11944,0.3153,-0.718,1.252,0
11954,0.2816,-0.72,1.3074,0
11964,0.2804,-0.6714,1.3238,0
11974,0.2977,-0.5889,1.3516,0
11984,0.3231,-0.491,1.4002,0
11994,0.3585,-0.3985,1.4402,0
12004,0.3917,-0.3192,1.4648,0
12014,0.4171,-0.2714,1.479,0
12024,0.4244,-0.2504,1.4975,0
12034,0.4203,-0.2477,1.4927,0
12044,0.4344,-0.2567,1.4107,0
12054,0.3905,-0.2929,1.3716,0
12064,0.3095,-0.3658,1.3638,0
12074,0.2743,-0.4395,1.3067,0
12084,0.278,-0.4879,1.242,0
12094,0.2714,-0.5164,1.2332,0
12104,0.2736,-0.5421,1.2423,0
12114,0.3207,-0.5367,1.2088,0
12124,0.3934,-0.5103,1.149,0
12134,0.453,-0.4725,1.108,0
12144,0.4874,-0.4234,1.0746,0
12154,0.4986,-0.3695,1.0026,0
12164,0.4898,-0.3163,0.8735,0
12174,0.4278,-0.2746,0.7419,0
12184,0.3097,-0.2638,0.6389,0
12194,0.1718,-0.2746,0.5464,0
12204,0.0444,-0.2968,0.4569,0
12214,-0.02,-0.2829,0.3566,0
12224,-0.0195,-0.2548,0.2443,0
12234,-0.0146,-0.2206,0.1401,0
12244,-0.0412,-0.2053,0.0779,0
12254,-0.0854,-0.2116,0.0522,0
12264,-0.1145,-0.2243,0.029,0
12274,-0.1074,-0.2358,-0.01,0
12284,-0.0827,-0.2611,-0.053,0
12294,-0.0657,-0.297,-0.0644,0
12304,-0.0666,-0.3273,-0.0232,0
12314,-0.1132,-0.3468,0.0798,0
12324,-0.1896,-0.3705,0.2304,0
12334,-0.2333,-0.4076,0.3622,0
12344,-0.1808,-0.4156,0.4249,0
12354,-0.0742,-0.4098,0.4723,0
12364,-0.0005,-0.4369,0.5926,0
12374,0.0412,-0.4852,0.7815,0
12384,0.0493,-0.523,1.1219,0
12394,0.1167,-0.493,1.5642,0
12404,0.4305,-0.4068,1.6859,0
12414,0.791,-0.3097,1.6449,0
12424,0.9513,-0.2714,1.7191,0
12434,0.9101,-0.3036,1.8831,0
12444,0.8115,-0.3363,1.9464,0
12454,0.7124,-0.3737,1.8797,0
12464,0.5647,-0.4317,1.7855,0
12474,0.3732,-0.5059,1.7477,0
12484,0.2402,-0.5735,1.675,0
12494,0.214,-0.618,1.5332,0
12504,0.2575,-0.6245,1.376,0
12514,0.2599,-0.6182,1.3372,0
12524,0.2506,-0.5921,1.3413,0
12534,0.2912,-0.525,1.2974,0
12544,0.3329,-0.4322,1.2459,0
12554,0.3593,-0.3417,1.213,0
12564,0.4144,-0.2465,1.1092,0
12574,0.4444,-0.173,0.9865,0
12584,0.4037,-0.1462,0.8952,0
12594,0.3002,-0.1674,0.8452,0
12604,0.1823,-0.2055,0.7873,0
12614,0.0949,-0.2721,0.6726,0
12624,0.0337,-0.3297,0.5501,0
12634,-0.0132,-0.3793,0.4879,0
12644,-0.002,-0.3983,0.4122,0
12654,0.0395,-0.3893,0.3251,0
12664,0.0459,-0.3788,0.2919,0
12674,0.0054,-0.3812,0.3036,0
12684,-0.0207,-0.3966,0.3175,0
12694,0.0146,-0.4088,0.2897,0
12704,0.0915,-0.4142,0.2389,0
12714,0.1181,-0.4354,0.2431,0
12724,0.0681,-0.4808,0.3097,0
12734,0.0198,-0.5274,0.3622,0
12744,0.0298,-0.5538,0.3522,0
12754,0.0649,-0.5467,0.3204,0
12764,0.0327,-0.5582,0.3871,0
12774,-0.0339,-0.5855,0.5147,0
12784,-0.0351,-0.6184,0.6043,0
12794,0.0334,-0.637,0.6594,0
12804,0.1215,-0.6548,0.7156,0
12814,0.1669,-0.6863,0.8193,0
12824,0.1638,-0.7222,0.9792,0
12834,0.163,-0.7312,1.18,0
12844,0.2265,-0.6795,1.3628,0
12854,0.3961,-0.5865,1.4236,0
12864,0.5682,-0.4976,1.4536,0
12874,0.6797,-0.4305,1.5188,0
12884,0.7385,-0.3942,1.5759,0
12894,0.7288,-0.3837,1.6213,0
12904,0.6736,-0.4269,1.6071,0
12914,0.6204,-0.4874,1.4853,0
12924,0.5137,-0.5469,1.3748,0
12934,0.359,-0.6028,1.3042,0
12944,0.248,-0.628,1.1983,0
12954,0.1723,-0.6045,1.0934,0
12964,0.1198,-0.5726,1.0399,0
12974,0.1162,-0.5237,0.997,0
12984,0.1694,-0.4618,0.9545,0
12994,0.237,-0.3954,0.9328,0
13004,0.2909,-0.3573,0.9384,0
13014,0.3451,-0.3397,0.9296,0
13024,0.3898,-0.3395,0.9052,0
13034,0.3971,-0.3614,0.8981,0
13044,0.3995,-0.3954,0.8942,0
13054,0.4352,-0.4007,0.8208,0
13064,0.4469,-0.3893,0.728,0
13074,0.3861,-0.3866,0.6787,0
13084,0.2921,-0.3829,0.6787,0
13094,0.2658,-0.3722,0.6097,0
13104,0.3253,-0.317,0.4471,0
13114,0.3234,-0.2697,0.3695,0
13124,0.2521,-0.2714,0.3612,0
13134,0.1994,-0.2748,0.3087,0
13144,0.1765,-0.2692,0.2265,0
13154,0.1528,-0.2729,0.1652,0
13164,0.1098,-0.2677,0.1355,0
13174,0.0273,-0.2475,0.1538,0
13184,-0.0537,-0.2304,0.1664,0
13194,-0.1115,-0.1918,0.1608,0
13204,-0.1259,-0.165,0.1411,0
13214,-0.122,-0.1535,0.1396,0
13224,-0.1135,-0.1601,0.1843,0
13234,-0.1242,-0.1943,0.2985,0
13244,-0.1547,-0.286,0.4942,0
13254,-0.1325,-0.4137,0.7148,0
13264,-0.042,-0.5164,0.946,0
13274,0.0813,-0.5838,1.1912,0
13284,0.2338,-0.5928,1.4763,0
13294,0.4374,-0.5909,1.6847,0
13304,0.6602,-0.5857,1.8255,0
13314,0.8239,-0.6016,1.9612,0
13324,0.9106,-0.6577,2.0672,0
13334,0.9599,-0.72,2.0904,0
13344,0.9299,-0.7864,2.0735,0
13354,0.8269,-0.8418,2.0264,0
13364,0.6963,-0.8701,1.878,0
13374,0.5218,-0.8532,1.7257,0
13384,0.2763,-0.8337,1.6694,0
13394,0.1477,-0.7929,1.5039,0
13404,0.1769,-0.7158,1.1983,0
13414,0.1948,-0.6297,0.9816,0
13424,0.1289,-0.5774,0.9438,0
13434,0.0764,-0.5213,0.9496,0
13444,0.1201,-0.4456,0.8842,0
13454,0.2101,-0.33,0.7939,0
13464,0.2916,-0.2155,0.6904,0
13474,0.3129,-0.1045,0.5896,0
13484,0.2768,-0.0071,0.5274,0
13494,0.2414,0.0344,0.4327,0
13504,0.2758,0.063,0.2502,0
13514,0.3148,0.0844,0.0808,0
13524,0.2682,0.0459,0.0486,0
13534,0.1359,-0.0242,0.1725,0
13544,0.0344,-0.1125,0.3236,0
13554,0.0442,-0.1926,0.3356,0
13564,0.1289,-0.2375,0.2536,0
13574,0.196,-0.256,0.1699,0
13584,0.164,-0.2751,0.1799,0
13594,0.0417,-0.3158,0.2724,0
13604,-0.0315,-0.3458,0.3141,0
13614,-0.0002,-0.339,0.2619,0
13624,0.0561,-0.3148,0.2384,0
13634,0.0681,-0.3168,0.3053,0
13644,0.0249,-0.3488,0.4901,0
13654,-0.0342,-0.3578,0.813,0
13664,0.0398,-0.3158,1.0902,0
13674,0.2731,-0.2321,1.1847,0
13684,0.5032,-0.1596,1.2559,0
13694,0.6814,-0.1672,1.3316,0
13704,0.7895,-0.2062,1.3479,0
13714,0.7615,-0.298,1.448,0
13724,0.627,-0.462,1.5925,0
13734,0.5369,-0.6407,1.6022,0
13744,0.4813,-0.7876,1.54,0
13754,0.4144,-0.9274,1.4873,0
13764,0.3224,-1.0236,1.4661,0
13774,0.2477,-1.0599,1.4656,0
13784,0.2426,-1.0485,1.4058,0
13794,0.2926,-0.9916,1.3208,0
13804,0.3292,-0.893,1.3052,0
13814,0.3161,-0.7783,1.3945,0
13824,0.339,-0.6526,1.4507,0
13834,0.443,-0.5023,1.4009,0
13844,0.5501,-0.3754,1.303,0
13854,0.5921,-0.2792,1.2415,0
13864,0.5679,-0.2187,1.2005,0
13874,0.5433,-0.1928,1.0673,0
13884,0.4801,-0.2089,0.9064,0
13894,0.3295,-0.2607,0.7932,0
13904,0.164,-0.3561,0.7053,0
13914,0.0244,-0.4032,0.6421,0
13924,-0.0234,-0.421,0.5357,0
13934,-0.0051,-0.3798,0.3912,0
13944,0.0288,-0.3287,0.2624,0
13954,0.0608,-0.2729,0.175,0
13964,0.0796,-0.2445,0.1242,0
13974,0.1018,-0.1972,0.1008,0
13984,0.1264,-0.1738,0.0979,0
13994,0.1118,-0.1701,0.1359,0
14004,0.0669,-0.197,0.2048,0
14014,0.0398,-0.2423,0.2465,0
14024,0.0556,-0.2758,0.2399,0
14034,0.0581,-0.3082,0.236,0
14044,0.0195,-0.3444,0.278,0
14054,-0.0449,-0.3978,0.3773,0
14064,-0.0698,-0.4615,0.4723,0
14074,-0.0234,-0.5106,0.5489,0
14084,0.0351,-0.5857,0.6655,0
14094,0.0969,-0.6941,0.8161,0
14104,0.1491,-0.8247,1.0224,0
14114,0.1965,-0.956,1.2532,0
14124,0.2707,-1.0585,1.501,0
14134,0.4159,-1.0787,1.705,0
14144,0.6297,-1.0382,1.767,0
14154,0.8276,-0.9606,1.7313,0
14164,0.9098,-0.8671,1.6779,0
14174,0.8396,-0.7959,1.6791,0
14184,0.6673,-0.7358,1.6757,0
14194,0.5228,-0.677,1.5366,0
14204,0.4015,-0.6126,1.3455,0
14214,0.2555,-0.5474,1.211,0
14224,0.1001,-0.4801,1.1478,0
14234,0.0115,-0.3705,1.0629,0
14244,-0.0005,-0.2463,0.9316,0
14254,0.0276,-0.122,0.7851,0
14264,0.0671,-0.0303,0.6836,0
14274,0.1164,0.0334,0.5957,0
14284,0.1657,0.0674,0.5423,0
14294,0.1999,0.0857,0.5467,0
14304,0.2314,0.0786,0.5708,0
14314,0.269,0.0481,0.576,0
14324,0.2709,-0.0195,0.5647,0
14334,0.2538,-0.1218,0.5272,0
14344,0.2604,-0.2221,0.4339,0
14354,0.2123,-0.3297,0.42,0
14364,0.1496,-0.4308,0.4676,0
14374,0.115,-0.5023,0.5216,0
14384,0.1374,-0.5303,0.5298,0
14394,0.2013,-0.5181,0.4849,0
14404,0.1877,-0.5084,0.4976,0
14414,0.1032,-0.5186,0.5645,0
14424,0.0617,-0.5277,0.614,0
14434,0.0749,-0.5452,0.6331,0
14444,0.1396,-0.5787,0.6231,0
14454,0.2074,-0.617,0.6626,0
14464,0.2279,-0.6734,0.7815,0
14474,0.2231,-0.7051,0.9721,0
14484,0.278,-0.6663,1.1317,0
14494,0.4017,-0.535,1.1995,0
14504,0.5303,-0.4134,1.1417,0
14514,0.5823,-0.3275,1.077,0
14524,0.5325,-0.3114,1.0824,0
14534,0.4376,-0.3981,1.0814,0
14544,0.3314,-0.5223,1.0719,0
14554,0.2189,-0.6472,1.0748,0
14564,0.1516,-0.7593,1.0714,0
14574,0.1413,-0.7942,1.0282,0
14584,0.1435,-0.7937,0.985,0
14594,0.1518,-0.7395,0.9801,0
14604,0.1745,-0.6526,0.9897,0
14614,0.1782,-0.5167,1.0616,0
14624,0.1923,-0.378,1.1786,0
14634,0.2895,-0.2409,1.2064,0
14644,0.4298,-0.1067,1.1807,0
14654,0.5255,-0.0259,1.1832,0
14664,0.5694,0.0061,1.2049,0
14674,0.5352,-0.0015,1.2437,0
14684,0.5172,-0.0542,1.1917,0
14694,0.4998,-0.1142,1.0709,0
14704,0.4547,-0.1833,0.9918,0
14714,0.419,-0.2331,0.9103,0
14724,0.4071,-0.2365,0.8225,0
14734,0.3876,-0.2079,0.7561,0
14744,0.3348,-0.1806,0.717,0
14754,0.2782,-0.1579,0.6194,0
14764,0.1877,-0.1489,0.5028,0
14774,0.0432,-0.1767,0.4735,0
14784,-0.0759,-0.206,0.4632,0
14794,-0.0927,-0.2009,0.4193,0
14804,-0.0664,-0.1708,0.3727,0
14814,-0.0832,-0.1696,0.4378,0
14824,-0.1296,-0.1967,0.604,0
14834,-0.0947,-0.225,0.7805,0
14844,0.0283,-0.2358,0.9313,0
14854,0.1408,-0.2624,1.1595,0
14864,0.2199,-0.3139,1.4643,0
14874,0.3236,-0.3617,1.6901,0
14884,0.4671,-0.3954,1.8072,0
14894,0.6075,-0.4383,1.8661,0
14904,0.6865,-0.5091,1.8834,0
14914,0.759,-0.5921,1.7948,0
14924,0.7634,-0.6782,1.7082,0
14934,0.7258,-0.7576,1.5917,0
14944,0.6782,-0.8149,1.3777,0
14954,0.586,-0.8222,1.1373,0
14964,0.4149,-0.792,0.9601,0
14974,0.2099,-0.7212,0.8332,0
14984,0.0561,-0.5979,0.6738,0
14994,-0.0525,-0.4405,0.4947,0
15004,-0.1125,-0.3104,0.3207,0
15014,-0.1835,-0.1818,0.2143,0
15024,-0.2516,-0.093,0.1484,0
15034,-0.2882,-0.0376,0.0945,0
15044,-0.3248,0.0166,0.0893,0
15054,-0.3475,0.0456,0.0988,0
15064,-0.329,0.0752,0.0923,0
15074,-0.2829,0.094,0.1015,0
15084,-0.2121,0.1018,0.1511,0
15094,-0.2846,0.0442,0.3885,0
15104,-0.3348,-0.0696,0.8156,0
15114,-0.2892,-0.1389,1.3635,0
15124,0.0222,-0.1891,1.6742,0
15134,0.4703,-0.2004,1.7448,0
15144,0.8073,-0.247,1.8634,0
15154,0.9857,-0.3075,2.0235,0
15164,1.0939,-0.3619,2.0862,0
15174,1.1495,-0.411,2.0054,0
15184,1.0944,-0.453,1.8719,0
15194,0.8862,-0.4942,1.7582,0
15204,0.6275,-0.5384,1.6266,0
15214,0.3707,-0.5357,1.4958,0
15224,0.1721,-0.5298,1.3169,0
15234,0.0747,-0.4669,1.0878,0
15244,-0.0347,-0.3578,0.9831,0
15254,-0.1225,-0.2292,0.9377,0
15264,-0.1176,-0.0952,0.8452,0
15274,-0.0744,0.0454,0.7322,0
15284,-0.0161,0.1303,0.6299,0
15294,0.0464,0.1801,0.6116,0
15304,0.1291,0.2367,0.6031,0
15314,0.2204,0.2577,0.605,0
15324,0.2463,0.2438,0.6939,0
15334,0.2494,0.185,0.8139,0
15344,0.2809,0.1054,0.8869,0
15354,0.3131,0.02,0.9682,0
15364,0.3502,-0.0659,1.0651,0
15374,0.3785,-0.1355,1.1356,0
15384,0.3861,-0.2177,1.1515,0
15394,0.351,-0.3197,1.1581,0
15404,0.2921,-0.4435,1.1498,0
15414,0.2555,-0.5665,1.0914,0
15424,0.2148,-0.6882,1.0304,0
15434,0.1423,-0.801,1.035,0
15444,0.0925,-0.8825,1.0487,0
15454,0.1196,-0.9033,0.9962,0
15464,0.1708,-0.8618,0.8798,0
15474,0.1496,-0.813,0.8296,0
15484,0.042,-0.7566,0.8784,0
15494,-0.0315,-0.6851,0.8925,0
15504,-0.0437,-0.5884,0.832,0
15514,-0.0513,-0.4862,0.7966,0
15524,-0.0359,-0.3732,0.8073,0
15534,0.0364,-0.2204,0.8349,0
15544,0.1189,-0.0837,0.8439,0
15554,0.1496,0.0039,0.8518,0
15564,0.1516,0.0298,0.8244,0
15574,0.1418,0.0098,0.7907,0
15584,0.133,-0.0437,0.7639,0
15594,0.1045,-0.1323,0.7846,0
15604,0.0852,-0.2472,0.7944,0
15614,0.0764,-0.3541,0.7976,0
15624,0.0718,-0.4505,0.8117,0
15634,0.0617,-0.5286,0.8547,0
15644,0.0866,-0.5701,0.902,0
15654,0.196,-0.5503,0.9216,0
15664,0.3702,-0.4693,0.9352,0
15674,0.5486,-0.3654,0.9482,0
15684,0.6712,-0.2882,0.9845,0
15694,0.7353,-0.2685,1.0199,0
15704,0.7724,-0.3002,1.0099,0
15714,0.779,-0.3878,0.9433,0
15724,0.7737,-0.4935,0.79,0
15734,0.709,-0.6297,0.6658,0
15744,0.5679,-0.7427,0.6526,0
15754,0.4754,-0.8015,0.6355,0
15764,0.5018,-0.7698,0.5198,0
15774,0.5259,-0.7014,0.4147,0
15784,0.4708,-0.6604,0.4198,0
15794,0.4027,-0.6221,0.483,0
15804,0.3561,-0.5928,0.5445,0
15814,0.3707,-0.5728,0.5701,0
15824,0.3954,-0.566,0.6419,0
15834,0.4317,-0.585,0.7451,0
15844,0.4769,-0.6133,0.8488,0
15854,0.5181,-0.6309,0.9638,0
15864,0.5533,-0.6367,1.0717,0
15874,0.5884,-0.6275,1.1551,0
15884,0.6253,-0.5957,1.2003,0
15894,0.6655,-0.5408,1.1998,0
15904,0.6438,-0.4886,1.1934,0
15914,0.5718,-0.4652,1.179,0
15924,0.4625,-0.4683,1.1476,0
15934,0.3646,-0.4903,1.0687,0
15944,0.2772,-0.5057,0.9665,0
15954,0.1765,-0.5259,0.915,0
15964,0.0898,-0.532,0.8786,0
15974,0.0576,-0.5081,0.8029,0
15984,0.043,-0.4559,0.7366,0
15994,0.0366,-0.3912,0.687,0
16004,0.0132,-0.3124,0.6926,0
16014,-0.0088,-0.2365,0.7444,0
16024,0.0232,-0.1621,0.7849,0
16034,0.1071,-0.0976,0.7866,0
16044,0.2074,-0.0549,0.7756,0
16054,0.2709,-0.0571,0.8061,0
16064,0.2602,-0.0981,0.9103,0
16074,0.2165,-0.1725,1.0194,0
16084,0.2031,-0.2348,1.0531,0
16094,0.2201,-0.2516,1.0294,0
16104,0.2048,-0.2316,1.0116,0
16114,0.1652,-0.2287,0.9399,0
16124,0.0664,-0.2685,0.9289,0
16134,-0.0371,-0.3754,0.9569,0
16144,-0.0278,-0.5059,0.9181,0
16154,-0.0288,-0.617,0.9609,0
16164,-0.0544,-0.7183,1.0995,0
16174,-0.0525,-0.7793,1.2054,0
16184,0.0349,-0.7395,1.2237,0
16194,0.1459,-0.5948,1.1991,0
16204,0.1896,-0.4042,1.211,0
16214,0.1132,-0.2062,1.2925,0
16224,0.0132,-0.0732,1.325,0
16234,0.0144,0.0054,1.1578,0
16244,0.0203,0.0317,0.9545,0
16254,-0.0351,-0.009,0.8374,0
16264,-0.1623,-0.1088,0.82,0
16274,-0.2838,-0.2053,0.8359,0
16284,-0.33,-0.2604,0.8173,0
16294,-0.2958,-0.257,0.7788,0
16304,-0.2238,-0.166,0.7776,0
16314,-0.1757,-0.0452,0.8698,0
16324,-0.125,0.0508,0.9518,0
16334,-0.0107,0.1169,0.9545,0
16344,0.1364,0.1357,0.9035,0
16354,0.2157,0.0935,0.9242,0
16364,0.2145,0.0059,1.047,0
16374,0.1591,-0.1242,1.2034,0
16384,0.1757,-0.2333,1.2208,0
16394,0.2121,-0.3136,1.1847,0
16404,0.2143,-0.3768,1.162,0
16414,0.2062,-0.4283,1.1112,0
16424,0.2172,-0.4503,1.0172,0
16434,0.1777,-0.4727,0.9962,0
16444,0.133,-0.4886,1.0031,0
16454,0.1596,-0.4637,0.9569,0
16464,0.2018,-0.3898,0.9421,0
16474,0.2309,-0.3046,0.9662,0
16484,0.266,-0.2109,0.9894,0
16494,0.2909,-0.1225,0.9857,0
16504,0.3024,-0.0825,0.9284,0
16514,0.2765,-0.0835,0.8749,0
16524,0.2038,-0.144,0.8544,0
16534,0.0962,-0.2628,0.8793,0
16544,0.0351,-0.3917,0.8898,0
16554,0.042,-0.5159,0.8664,0
16564,0.0598,-0.6138,0.8876,0
16574,0.1257,-0.6743,0.902,0
16584,0.2199,-0.6921,0.9101,0
16594,0.296,-0.6758,0.9284,0
16604,0.3222,-0.6619,0.9875,0
16614,0.32,-0.6565,1.0516,0
16624,0.3485,-0.6568,1.0399,0
16634,0.369,-0.666,1.0067,0
16644,0.3539,-0.6895,0.9962,0
16654,0.3131,-0.718,0.9901,0
16664,0.3068,-0.7251,0.9411,0
16674,0.351,-0.6853,0.8344,0
16684,0.3588,-0.6158,0.7883,0
16694,0.3082,-0.5462,0.832,0
16704,0.2792,-0.4735,0.8828,0
16714,0.3339,-0.3912,0.8562,0
16724,0.4371,-0.3234,0.7859,0
16734,0.5347,-0.278,0.7219,0
16744,0.5809,-0.2668,0.6939,0
16754,0.5757,-0.2897,0.7043,0
16764,0.5269,-0.3353,0.7419,0
16774,0.5003,-0.3944,0.7263,0
16784,0.5042,-0.4469,0.6382,0
16794,0.5013,-0.4984,0.565,0
16804,0.4727,-0.5452,0.5538,0
16814,0.4576,-0.5872,0.555,0
16824,0.4644,-0.6165,0.5655,0
16834,0.4744,-0.6297,0.6023,0
16844,0.4723,-0.6263,0.6743,0
16854,0.4984,-0.604,0.7202,0
16864,0.513,-0.5567,0.7939,0
16874,0.5328,-0.5208,0.864,0
16884,0.5828,-0.4825,0.8581,0
16894,0.5979,-0.4535,0.8403,0
16904,0.5191,-0.4598,0.9159,0
16914,0.4354,-0.483,0.9728,0
16924,0.4127,-0.4776,0.9406,0
16934,0.4076,-0.4579,0.8898,0
16944,0.3544,-0.4444,0.9008,0
16954,0.2912,-0.4356,0.944,0
16964,0.2855,-0.4137,0.9521,0
16974,0.3204,-0.3798,0.9262,0
16984,0.3463,-0.3485,0.9255,0
16994,0.3295,-0.3317,0.967,0
17004,0.3444,-0.3327,0.9638,0
17014,0.3959,-0.3312,0.8976,0
17024,0.423,-0.3512,0.8413,0
17034,0.3859,-0.3771,0.8466,0
17044,0.2748,-0.4042,0.9125,0
17054,0.1889,-0.4166,0.9157,0
17064,0.1362,-0.4,0.8645,0
17074,0.1123,-0.3702,0.7839,0
17084,0.0859,-0.3441,0.7441,0
17094,0.0369,-0.3229,0.7851,0
17104,0.0151,-0.3219,0.8357,0
17114,0.0449,-0.3136,0.8749,0
17124,0.0908,-0.3107,0.9008,0
17134,0.1381,-0.3073,0.945,0
17144,0.193,-0.2885,0.9938,0
17154,0.2641,-0.2563,1.0038,0
17164,0.3185,-0.2192,1.0126,0
17174,0.3373,-0.1901,1.0358,0
17184,0.3168,-0.1757,1.0585,0
17194,0.267,-0.1772,1.0748,0
17204,0.2165,-0.1984,1.0775,0
17214,0.1769,-0.2402,1.0551,0
17224,0.1552,-0.2965,1.0175,0
17234,0.1428,-0.3532,0.9901,0
17244,0.1345,-0.3959,0.9635,0
17254,0.1313,-0.4188,0.9457,0
17264,0.1147,-0.4037,0.9447,0
17274,0.0957,-0.3712,0.9316,0
17284,0.0503,-0.3226,0.9218,0
17294,0.0012,-0.2731,0.9364,0
17304,-0.0295,-0.2409,0.9269,0
17314,-0.0154,-0.2238,0.8737,0
17324,-0.0146,-0.227,0.8564,0
17334,-0.0593,-0.2609,0.9084,0
17344,-0.0864,-0.2936,0.9711,0
17354,-0.0637,-0.3031,0.9992,0
17364,-0.0215,-0.2807,1.0282,0
17374,0.0176,-0.2492,1.0675,0
17384,0.0498,-0.2074,1.0904,0
17394,0.0761,-0.1721,1.0836,0
17404,0.1059,-0.1516,1.0546,0
17414,0.1303,-0.1542,1.0209,0
17424,0.1345,-0.1684,1.0109,0
17434,0.1152,-0.1928,1.0141,0
17444,0.0744,-0.2197,1.0326,0
17454,0.0591,-0.2321,1.0028,0
17464,0.0949,-0.2194,0.9052,0
17474,0.0954,-0.197,0.8676,0
17484,0.0505,-0.1835,0.9064,0
17494,0.0349,-0.173,0.9321,0
17504,0.0566,-0.1562,0.9142,0
17514,0.091,-0.1564,0.8815,0
17524,0.1059,-0.1765,0.8869,0
17534,0.102,-0.2096,0.9201,0
17544,0.1218,-0.2445,0.9135,0
17554,0.1455,-0.2794,0.9164,0
17564,0.1664,-0.3073,0.9279,0
17574,0.1845,-0.3317,0.9494,0
17584,0.2116,-0.3407,0.9687,0
17594,0.2448,-0.3524,0.9618,0
17604,0.2782,-0.3685,0.9548,0
17614,0.2997,-0.389,0.9618,0
17624,0.3595,-0.4078,0.8879,0
17634,0.3737,-0.4171,0.8154,0
17644,0.3082,-0.4478,0.8015,0
17654,0.215,-0.4888,0.7932,0
17664,0.1491,-0.5037,0.7685,0
17674,0.1401,-0.4991,0.7131,0
17684,0.1545,-0.4754,0.6795,0
17694,0.1552,-0.4513,0.7295,0
17704,0.1987,-0.433,0.7778,0
17714,0.2977,-0.3973,0.7656,0
17724,0.3746,-0.379,0.7773,0
17734,0.4051,-0.3905,0.8313,0
17744,0.4234,-0.423,0.8588,0
17754,0.4327,-0.4657,0.8403,0
17764,0.4186,-0.5303,0.8166,0
17774,0.3895,-0.6092,0.8093,0
17784,0.3795,-0.6773,0.8034,0
17794,0.3951,-0.7317,0.8044,0
17804,0.4098,-0.7705,0.8357,0
17814,0.4139,-0.7917,0.8906,0
17824,0.4215,-0.7947,0.946,0
17834,0.4393,-0.771,0.9906,0
17844,0.4659,-0.7307,1.0541,0
17854,0.5135,-0.6704,1.1002,0
17864,0.5826,-0.5899,1.1244,0
17874,0.6294,-0.4847,1.1615,0
17884,0.6409,-0.3729,1.2005,0
17894,0.6028,-0.2751,1.2303,0
17904,0.5503,-0.1957,1.212,0
17914,0.5142,-0.1315,1.1253,0
17924,0.4652,-0.0852,1.0289,0
17934,0.3832,-0.0574,0.9865,0
17944,0.3017,-0.0381,0.9755,0
17954,0.2668,0.0005,0.9325,0
17964,0.2609,0.0427,0.8781,0
17974,0.2633,0.0842,0.8332,0
17984,0.2853,0.1159,0.7971,0
17994,0.3131,0.1357,0.779,0
18004,0.3287,0.1433,0.8076,0
18014,0.3492,0.1342,0.8583,0
18024,0.3798,0.1291,0.903,0
18034,0.3922,0.1169,0.9389,0
18044,0.3988,0.0886,0.9411,0
18054,0.4034,0.0522,0.9108,0
18064,0.3876,-0.0066,0.9081,0
18074,0.3617,-0.0818,0.9411,0
18084,0.3451,-0.1621,0.9811,0
18094,0.349,-0.2311,0.9918,0
18104,0.3434,-0.3048,0.9972,0
18114,0.3388,-0.3871,0.9779,0
18124,0.3278,-0.461,0.9767,0
18134,0.3107,-0.5308,1.0143,0
18144,0.3148,-0.5486,1.0448,0
18154,0.3424,-0.5037,1.0519,0
18164,0.3732,-0.392,1.0326,0
18174,0.3219,-0.2738,1.0702,0
18184,0.258,-0.1992,1.0836,0
18194,0.3007,-0.153,0.9435,0
18204,0.3334,-0.1359,0.8142,0
18214,0.2841,-0.1974,0.8173,0
18224,0.1608,-0.297,0.9211,0
18234,0.1184,-0.3988,0.9281,0
18244,0.144,-0.4481,0.8298,0
18254,0.1245,-0.4757,0.8012,0
18264,0.0815,-0.4845,0.7905,0
18274,0.0896,-0.4896,0.7314,0
18284,0.1067,-0.4935,0.7029,0
18294,0.123,-0.5381,0.7065,0
18304,0.176,-0.5901,0.6929,0
18314,0.2062,-0.6426,0.7148,0
18324,0.2087,-0.7065,0.781,0
18334,0.2094,-0.708,0.852,0
18344,0.1745,-0.677,0.9582,0
18354,0.2333,-0.5696,0.9799,0
18364,0.327,-0.4054,0.9062,0
18374,0.369,-0.2675,0.8244,0
18384,0.3602,-0.1765,0.7824,0
18394,0.3383,-0.1374,0.7629,0
18404,0.3053,-0.1635,0.7456,0
18414,0.2777,-0.2463,0.7007,0
18424,0.238,-0.378,0.6709,0
18434,0.1435,-0.5179,0.7629,0
18444,0.063,-0.6411,0.8762,0
18454,0.1303,-0.6648,0.8332,0
18464,0.2301,-0.5957,0.779,0
18474,0.2546,-0.4903,0.8583,0
18484,0.2536,-0.3571,0.9506,0
18494,0.2948,-0.2243,0.9313,0
18504,0.339,-0.1408,0.8483,0
18514,0.3461,-0.1335,0.7978,0
18524,0.3129,-0.1965,0.801,0
18534,0.267,-0.2731,0.8403,0
18544,0.2177,-0.3539,0.8566,0
18554,0.1396,-0.4276,0.8635,0
18564,0.0486,-0.4991,0.8608,0
18574,-0.002,-0.5652,0.8139,0
18584,0.0122,-0.6143,0.7615,0
18594,0.0491,-0.6743,0.7483,0
18604,0.07,-0.7763,0.7966,0
18614,0.1032,-0.8908,0.8666,0
18624,0.1298,-0.9816,0.945,0
18634,0.1706,-1.0411,0.9848,0
18644,0.1989,-1.0697,1.0011,0
18654,0.2053,-1.0529,0.9962,0
18664,0.2133,-0.9938,0.9577,0
18674,0.1857,-0.9094,0.935,0
18684,0.1274,-0.8225,0.9357,0
18694,0.0886,-0.7339,0.9152,0
18704,0.0779,-0.6421,0.8806,0
18714,0.0732,-0.5604,0.8557,0
18724,0.0657,-0.4835,0.8825,0
18734,0.0945,-0.4115,0.9108,0
18744,0.1625,-0.349,0.9108,0
18754,0.2341,-0.3039,0.915,0
18764,0.2895,-0.2692,0.9076,0
18774,0.2963,-0.2355,0.8994,0
18784,0.2458,-0.2248,0.9052,0
18794,0.1887,-0.2463,0.841,0
18804,0.153,-0.2973,0.7488,0
18814,0.1225,-0.3793,0.6887,0
18824,0.0864,-0.4703,0.7114,0
18834,0.0696,-0.5562,0.7483,0
18844,0.0857,-0.6114,0.7678,0
18854,0.1096,-0.6441,0.7988,0
18864,0.1496,-0.6577,0.8474,0
18874,0.2177,-0.6265,0.8825,0
18884,0.3014,-0.5543,0.924,0
18894,0.3614,-0.4342,0.9923,0
18904,0.4154,-0.3107,1.0521,0
18914,0.4718,-0.1935,1.0346,0
18924,0.5142,-0.1376,0.9467,0
18934,0.4727,-0.1342,0.9072,0
18944,0.3705,-0.1801,0.9128,0
18954,0.3058,-0.2358,0.8618,0
18964,0.269,-0.279,0.7834,0
18974,0.2077,-0.31,0.7627,0
18984,0.1401,-0.3419,0.7885,0
18994,0.1413,-0.328,0.7724,0
19004,0.1848,-0.2843,0.7429,0
19014,0.2233,-0.2311,0.7515,0
19024,0.2453,-0.1777,0.8337,0
19034,0.2965,-0.1215,0.8774,0
19044,0.3632,-0.0835,0.8723,0
19054,0.3744,-0.0793,0.885,0
19064,0.3453,-0.1342,0.9138,0
19074,0.3173,-0.2145,0.9262,0
19084,0.3156,-0.2853,0.946,0
19094,0.3202,-0.3353,0.9997,0
19104,0.3636,-0.3268,1.0023,0
19114,0.4093,-0.2809,0.9745,0
19124,0.4025,-0.2546,0.9338,0
19134,0.328,-0.2621,0.914,0
19144,0.2492,-0.3151,0.8757,0
19154,0.2116,-0.3878,0.8239,0
19164,0.166,-0.4461,0.8486,0
19174,0.1538,-0.4874,0.8444,0
19184,0.1657,-0.4932,0.8144,0
19194,0.1416,-0.4893,0.8256,0
19204,0.1245,-0.4845,0.8349,0
19214,0.1328,-0.4586,0.872,0
19224,0.1906,-0.402,0.9116,0
19234,0.2658,-0.3195,0.9626,0
19244,0.3124,-0.2323,1.0546,0
19254,0.3439,-0.1455,1.148,0
19264,0.3729,-0.0713,1.1866,0
19274,0.442,-0.0215,1.1239,0
19284,0.4808,0.0142,1.0607,0
19294,0.4718,0.0229,1.0346,0
19304,0.4303,0.02,1.0219,0
19314,0.3849,0.009,1.0075,0
19324,0.3456,0.0066,0.9721,0
19334,0.2934,0.0051,0.9774,0
19344,0.2726,0.0105,0.9591,0
19354,0.2821,0.0188,0.9128,0
19364,0.3095,0.0217,0.8737,0
19374,0.349,-0.0015,0.8842,0
19384,0.37,-0.0156,0.9833,0
19394,0.4251,-0.021,1.0577,0
19404,0.4957,-0.0134,1.0778,0
19414,0.5362,-0.0303,1.0519,0
19424,0.5552,-0.0952,0.953,0
19434,0.4893,-0.2341,0.9094,0
19444,0.3946,-0.4088,0.9179,0
19454,0.3375,-0.5667,0.8925,0
19464,0.2755,-0.6826,0.8976,0
19474,0.2626,-0.7578,0.8842,0
19484,0.3007,-0.7827,0.8332,0
19494,0.329,-0.7864,0.8366,0
19504,0.3424,-0.781,0.9072,0
19514,0.3744,-0.739,1.0102,0
19524,0.4127,-0.6592,1.1009,0
19534,0.4605,-0.5755,1.1273,0
19544,0.4703,-0.4957,1.1117,0
19554,0.4415,-0.43,1.0599,0
19564,0.3851,-0.3732,0.9699,0
19574,0.2821,-0.338,0.9047,0
19584,0.143,-0.3375,0.8762,0
19594,0.0405,-0.3532,0.8374,0
19604,0.0246,-0.3363,0.7622,0
19614,0.0671,-0.2892,0.6743,0
19624,0.1037,-0.2309,0.646,0
19634,0.1132,-0.1979,0.6853,0
19644,0.144,-0.1955,0.7083,0
19654,0.1718,-0.2223,0.7361,0
19664,0.1723,-0.2755,0.8039,0
19674,0.1589,-0.3507,0.8674,0
19684,0.1445,-0.4212,0.9072,0
19694,0.1389,-0.4552,0.9343,0
19704,0.1413,-0.4586,0.9479,0
19714,0.1425,-0.4261,0.963,0
19724,0.1452,-0.3827,0.9469,0
19734,0.1074,-0.3619,0.9638,0
19744,0.0615,-0.3639,0.9872,0
19754,0.0505,-0.3763,0.9633,0
19764,0.0264,-0.3976,0.9552,0
19774,-0.0264,-0.4215,0.9958,0
19784,-0.0493,-0.4237,1.0177,0
19794,-0.0356,-0.3744,1.0099,0
19804,-0.0351,-0.3126,1.0204,0
19814,-0.0378,-0.2443,1.047,0
19824,0.0017,-0.1816,1.0285,0
19834,0.0613,-0.1279,0.9821,0
19844,0.1059,-0.1015,0.9604,0
19854,0.1113,-0.1027,0.9799,0
19864,0.0923,-0.1281,1.0138,0
19874,0.0808,-0.1689,1.0329,0
19884,0.0949,-0.1967,1.0136,0
19894,0.1128,-0.2179,0.9997,0
19904,0.115,-0.2414,0.9984,0
19914,0.1189,-0.2636,0.996,0
19924,0.1179,-0.286,0.996,0
19934,0.1403,-0.3153,0.9574,0
19944,0.1328,-0.3563,0.934,0
19954,0.0976,-0.4273,0.9081,0
19964,0.0522,-0.5159,0.892,0
19974,0.0159,-0.5904,0.9367,0
19984,0.0808,-0.5892,0.9255,0
19994,0.1652,-0.512,0.9128,0
20004,0.1623,-0.4156,0.9931,0
20014,0.1547,-0.3287,1.038,0
20024,0.236,-0.2282,0.9335,0
20034,0.3034,-0.153,0.8132,0
20044,0.2687,-0.1518,0.7966,0
20054,0.1862,-0.2177,0.8349,0
20064,0.1274,-0.3087,0.8544,0
20074,0.0949,-0.4134,0.8747,0
20084,0.1001,-0.4964,0.8911,0
20094,0.1459,-0.5164,0.8911,0
20104,0.183,-0.4947,0.9272,0
20114,0.1916,-0.4483,0.9933,0
20124,0.2333,-0.4027,0.9889,0
20134,0.2909,-0.3634,0.9301,0
20144,0.3153,-0.3661,0.8928,0
20154,0.3009,-0.4171,0.8789,0
20164,0.2904,-0.4913,0.8615,0
20174,0.3073,-0.5616,0.8332,0
20184,0.3214,-0.626,0.8183,0
20194,0.3163,-0.646,0.8322,0
20204,0.3029,-0.627,0.8476,0
20214,0.2992,-0.5706,0.8261,0
20224,0.308,-0.505,0.7759,0
20234,0.33,-0.4525,0.7144,0
20244,0.3622,-0.422,0.6397,0
20254,0.3766,-0.4178,0.6072,0
20264,0.3595,-0.4532,0.6563,0
20274,0.3597,-0.491,0.7083,0
20284,0.4003,-0.5218,0.7205,0
20294,0.4442,-0.5416,0.7292,0
20304,0.4837,-0.5604,0.73,0
20314,0.5406,-0.5696,0.6936,0
20324,0.5828,-0.5767,0.6582,0
20334,0.5921,-0.5926,0.6563,0
20344,0.5523,-0.616,0.7087,0
20354,0.5111,-0.6289,0.7507,0
20364,0.4874,-0.6084,0.7344,0
20374,0.4437,-0.5874,0.7319,0
20384,0.3761,-0.5562,0.7949,0
20394,0.3695,-0.5062,0.8051,0
20404,0.3839,-0.4317,0.8361,0
20414,0.36,-0.3612,0.9526,0
20424,0.3756,-0.2934,1.0404,0
20434,0.4251,-0.2128,1.0841,0
20444,0.4652,-0.1633,1.1127,0
20454,0.493,-0.1525,1.1412,0
20464,0.5045,-0.1672,1.1449,0
20474,0.4818,-0.2145,1.1239,0
20484,0.4247,-0.2902,1.1027,0
20494,0.3497,-0.3854,1.066,0
20504,0.2958,-0.4676,1.0099,0
20514,0.2721,-0.5181,0.9494,0
20524,0.2482,-0.5328,0.9084,0
20534,0.2048,-0.5191,0.9142,0
20544,0.1672,-0.4888,0.9145,0
20554,0.1689,-0.4444,0.8518,0
20564,0.1701,-0.4017,0.7978,0
20574,0.1474,-0.3549,0.7881,0
20584,0.1267,-0.3173,0.79,0
20594,0.112,-0.2873,0.7871,0
20604,0.0988,-0.2719,0.7964,0
20614,0.1154,-0.2738,0.7907,0
20624,0.1484,-0.2858,0.7934,0
20634,0.1713,-0.3168,0.8369,0
20644,0.194,-0.3566,0.8857,0
20654,0.2297,-0.3934,0.9108,0
20664,0.2362,-0.4312,0.9428,0
20674,0.2365,-0.4737,0.965,0
20684,0.2638,-0.4945,0.9733,0
20694,0.319,-0.4593,0.9899,0
20704,0.3878,-0.3949,0.9945,0
20714,0.4271,-0.3195,1.0304,0
20724,0.4537,-0.2631,1.0577,0
20734,0.4796,-0.2338,1.0375,0
20744,0.4705,-0.2277,1.0001,0
20754,0.4422,-0.2572,0.9159,0
20764,0.34,-0.3246,0.8459,0
20774,0.1696,-0.433,0.8139,0
20784,0.0188,-0.5484,0.7846,0
20794,-0.009,-0.6119,0.7043,0
20804,0.0754,-0.6284,0.5613,0
20814,0.1428,-0.6575,0.4759,0
20824,0.1523,-0.7112,0.4798,0
20834,0.1391,-0.7622,0.5318,0
20844,0.152,-0.7807,0.5501,0
20854,0.1569,-0.7807,0.5606,0
20864,0.1452,-0.7693,0.5708,0
20874,0.1662,-0.7229,0.5308,0
20884,0.2214,-0.6265,0.4554,0
20894,0.1906,-0.5135,0.4732,0
20904,0.0495,-0.43,0.6131,0
20914,-0.0251,-0.3461,0.7461,0
20924,0.0786,-0.2216,0.8086,0
20934,0.3444,-0.1052,0.7434,0
20944,0.6114,-0.0498,0.6946,0
20954,0.7266,-0.0539,0.7993,0
20964,0.6612,-0.1367,0.9972,0
20974,0.5613,-0.2646,1.0687,0
20984,0.4596,-0.4071,0.977,0
20994,0.3178,-0.5484,0.8647,0
21004,0.1555,-0.6524,0.8169,0
21014,0.0605,-0.7043,0.7656,0
21024,0.0185,-0.7266,0.7022,0
21034,-0.0039,-0.7534,0.6719,0
21044,-0.0456,-0.7693,0.6912,0
21054,-0.1413,-0.7907,0.7517,0
21064,-0.1918,-0.8025,0.7741,0
21074,-0.1616,-0.8117,0.7385,0
21084,-0.0676,-0.8017,0.6814,0
21094,0.0622,-0.7771,0.635,0
21104,0.1667,-0.7414,0.6621,0
21114,0.1762,-0.7148,0.8066,0
21124,0.1279,-0.6838,1.0123,0
21134,0.1289,-0.5672,1.2562,0
21144,0.3256,-0.3729,1.2515,0
21154,0.5277,-0.1728,1.1642,0
21164,0.6153,-0.0556,1.1156,0
21174,0.5565,0.0022,1.1939,0
21184,0.4627,0.0444,1.3089,0
21194,0.4337,0.0923,1.2845,0
21204,0.3754,0.0879,1.1873,0
21214,0.1848,-0.0498,1.1419,0
21224,-0.0505,-0.3107,1.1214,0
21234,-0.186,-0.5918,1.1078,0
21244,-0.1769,-0.7607,1.1024,0
21254,-0.0498,-0.8613,1.0499,0
21264,0.0461,-0.9042,1.0743,0
21274,0.0925,-0.9291,1.1744,0
21284,0.1625,-0.8793,1.3545,0
21294,0.3151,-0.7114,1.5278,0
21304,0.5389,-0.5123,1.5934,0
21314,0.6958,-0.3331,1.622,0
21324,0.7612,-0.2184,1.5917,0
21334,0.7256,-0.1757,1.511,0
21344,0.5938,-0.2072,1.3953,0
21354,0.4003,-0.2877,1.2801,0
21364,0.2609,-0.3278,1.1522,0
21374,0.207,-0.2751,0.9838,0
21384,0.1552,-0.1611,0.9042,0
21394,0.0969,-0.0593,0.8964,0
21404,0.1237,0.0164,0.822,0
21414,0.2216,0.0703,0.6577,0
21424,0.2465,0.0542,0.5435,0
21434,0.1672,-0.0412,0.5123,0
21444,0.0703,-0.1701,0.4818,0
21454,0.0041,-0.2982,0.4413,0
21464,-0.001,-0.3895,0.3863,0
21474,0.0703,-0.461,0.3134,0
21484,0.173,-0.5167,0.2663,0
21494,0.2021,-0.5665,0.327,0
21504,0.1979,-0.6104,0.4222,0
21514,0.2433,-0.595,0.432,0
21524,0.3017,-0.5338,0.4015,0
21534,0.2931,-0.4647,0.41,0
21544,0.2306,-0.3973,0.4391,0
21554,0.164,-0.3087,0.4835,0
21564,0.1477,-0.1906,0.5013,0
21574,0.1474,-0.0635,0.4901,0
21584,0.1279,0.0066,0.4576,0
21594,0.1269,0.0207,0.3917,0
21604,0.1147,0.0017,0.3646,0
21614,0.0808,-0.0525,0.3819,0
21624,0.0412,-0.1296,0.4137,0
21634,0.0012,-0.2245,0.4503,0
21644,-0.0129,-0.3331,0.4942,0
21654,0.0063,-0.4308,0.5323,0
21664,0.0239,-0.5245,0.604,0
21674,0.0373,-0.6289,0.6997,0
21684,0.051,-0.7395,0.8322,0
21694,0.0713,-0.8449,0.9728,0
21704,0.1418,-0.9206,1.0499,0
21714,0.2441,-0.9721,1.0753,0
21724,0.3126,-0.997,1.1078,0
21734,0.3244,-1.025,1.1727,0
21744,0.3275,-1.0463,1.2296,0
21754,0.3551,-1.0209,1.2859,0
21764,0.3861,-0.9055,1.3965,0
21774,0.4251,-0.7192,1.5388,0
21784,0.4952,-0.4842,1.5871,0
21794,0.5347,-0.265,1.5422,0
21804,0.5086,-0.1384,1.4275,0
21814,0.3658,-0.1179,1.3501,0
21824,0.1721,-0.2018,1.2789,0
21834,0.0217,-0.3224,1.1683,0
21844,-0.0952,-0.4205,1.1068,0
21854,-0.1682,-0.5225,1.0946,0
21864,-0.1638,-0.5816,1.08,0
21874,-0.0847,-0.6079,1.08,0
21884,0.0185,-0.6028,1.1412,0
21894,0.1174,-0.584,1.2464,0
21904,0.2362,-0.5689,1.3033,0
21914,0.327,-0.5762,1.3592,0
21924,0.3827,-0.6126,1.3936,0
21934,0.4164,-0.6592,1.3955,0
21944,0.4332,-0.7022,1.364,0
21954,0.4122,-0.7261,1.3482,0
21964,0.3954,-0.7268,1.3247,0
21974,0.3954,-0.6785,1.2752,0
21984,0.3822,-0.587,1.2283,0
21994,0.3324,-0.4979,1.2078,0
22004,0.2704,-0.3988,1.1656,0
22014,0.2338,-0.32,1.0675,0
22024,0.1867,-0.2729,0.9465,0
22034,0.1362,-0.2524,0.8645,0
22044,0.1088,-0.2004,0.8437,0
22054,0.1184,-0.1252,0.8056,0
22064,0.1645,-0.0325,0.7353,0
22074,0.2065,0.0605,0.6631,0
22084,0.2301,0.1115,0.5948,0
22094,0.2567,0.1374,0.5225,0
22104,0.289,0.1423,0.4254,0
22114,0.2587,0.1145,0.3568,0
22124,0.1535,0.0369,0.3451,0
22134,0.0439,-0.0637,0.3104,0
22144,-0.0473,-0.175,0.2697,0
22154,-0.0947,-0.288,0.3012,0
22164,-0.0359,-0.4127,0.2948,0
22174,0.101,-0.5538,0.258,0
22184,0.2026,-0.7039,0.289,0
22194,0.255,-0.8249,0.3612,0
22204,0.2567,-0.8867,0.4291,0
22214,0.2323,-0.8706,0.4588,0
22224,0.1752,-0.7817,0.4832,0
22234,0.124,-0.6773,0.4945,0
22244,0.0708,-0.5411,0.5303,0
22254,0.0225,-0.4569,0.5838,0
22264,0.0212,-0.3973,0.6319,0
22274,0.0644,-0.3373,0.7939,0
22284,0.1911,-0.2516,1.0094,0
22294,0.4332,-0.1423,1.0965,0
22304,0.6289,-0.0532,1.1493,0
22314,0.7346,-0.0112,1.1947,0
22324,0.7605,-0.0012,1.2327,0
22334,0.728,-0.0205,1.243,0
22344,0.6841,-0.0879,1.1661,0
22354,0.5638,-0.1923,1.1105,0
22364,0.4093,-0.3463,1.0512,0
22374,0.2707,-0.5111,0.9967,0
22384,0.1652,-0.655,0.9884,0
22394,0.1486,-0.7454,0.955,0
22404,0.2133,-0.7805,0.8893,0
22414,0.2853,-0.7741,0.8652,0
22424,0.279,-0.7429,0.9616,0
22434,0.2553,-0.6812,1.1302,0
22444,0.3588,-0.4984,1.1849,0
22454,0.5118,-0.2314,1.1624,0
22464,0.5586,0.0339,1.2176,0
22474,0.5411,0.1955,1.2576,0
22484,0.5552,0.3019,1.1568,0
22494,0.5784,0.3273,0.9721,0
22504,0.533,0.2829,0.8313,0
22514,0.3883,0.186,0.7954,0
22524,0.1992,0.0627,0.8291,0
22534,0.0532,-0.0386,0.9108,0
22544,-0.009,-0.0683,1.0304,0
22554,0.1591,-0.0181,0.9333,0
22564,0.3844,0.0742,0.7392,0
22574,0.3854,0.0908,0.7351,0
22584,0.2416,-0.0205,0.7925,0
22594,0.1045,-0.174,0.8645,0
22604,0.0034,-0.3026,0.9577,0
22614,0.0637,-0.4073,0.8762,0
22624,0.1625,-0.451,0.7549,0
22634,0.1206,-0.4918,0.8359,0
22644,0.0,-0.5389,0.9811,0
22654,-0.012,-0.5389,0.9933,0
22664,0.0393,-0.4164,0.9484,0
22674,0.1479,-0.3202,0.8371,0
22684,0.2443,-0.2607,0.7568,0
22694,0.2289,-0.2445,0.8347,0
22704,0.1616,-0.3212,0.9984,0
22714,0.1098,-0.3932,1.2061,0
22724,0.1779,-0.4388,1.2257,0
22734,0.3336,-0.491,1.0595,0
22744,0.347,-0.5006,1.0441,0
22754,0.2421,-0.5211,1.1871,0
22764,0.2402,-0.4849,1.2156,0
22774,0.3641,-0.422,1.0775,0
22784,0.4605,-0.3741,0.9472,0
22794,0.3705,-0.369,1.0353,0
22804,0.2792,-0.3802,1.1112,0
22814,0.2326,-0.3412,1.1451,0
22824,0.2316,-0.3295,1.0475,0
22834,0.3073,-0.3378,0.7478,0
22844,0.2092,-0.3197,0.6697,0
22854,0.0022,-0.3651,0.7842,0
22864,-0.1315,-0.3741,0.9213,0
22874,-0.0527,-0.2938,0.8967,0
22884,0.1359,-0.1833,0.8576,0
22894,0.3234,-0.0259,0.8771,0
22904,0.5015,0.0742,0.8676,0
22914,0.6167,0.1289,0.8552,0
22924,0.5928,0.0813,0.9272,0
22934,0.4361,-0.0901,1.0653,0
22944,0.2536,-0.3212,1.1397,0
22954,0.175,-0.5486,1.0294,0
22964,0.163,-0.6729,0.8483,0
22974,0.1686,-0.7083,0.7175,0
22984,0.2072,-0.6736,0.5931,0
22994,0.2221,-0.6006,0.5655,0
23004,0.204,-0.5423,0.6756,0
23014,0.2267,-0.4659,0.8508,0
23024,0.3873,-0.3546,0.9135,0
23034,0.5718,-0.2233,0.9089,0
23044,0.6587,-0.1281,0.9548,0
23054,0.6763,-0.0705,0.9811,0
23064,0.6602,-0.0005,0.9872,0
23074,0.6253,0.0642,0.9745,0
23084,0.5806,0.1064,0.9689,0
23094,0.5008,0.1389,0.9857,0
23104,0.4186,0.1325,0.946,0
23114,0.2943,0.0801,0.9318,0
23124,0.1743,-0.0298,0.9013,0
23134,0.0796,-0.1696,0.8247,0
23144,-0.0071,-0.31,0.728,0
23154,-0.1198,-0.4193,0.7512,0
23164,-0.1564,-0.482,0.7654,0
23174,-0.0659,-0.451,0.809,0
23184,0.0952,-0.3854,0.8732,0
23194,0.2541,-0.3283,0.8996,0
23204,0.2741,-0.3214,1.0331,0
23214,0.1955,-0.3292,1.1737,0
23224,0.1618,-0.3954,1.1329,0
23234,0.1328,-0.443,0.8918,0
23244,-0.0146,-0.493,0.8915,0
23254,-0.1091,-0.5303,1.0053,0
23264,0.0146,-0.4867,0.9818,0
23274,0.1808,-0.3841,0.9999,0
23284,0.2585,-0.3241,1.1127,0
23294,0.2616,-0.2951,1.1605,0
23304,0.2206,-0.3224,1.0524,0
23314,0.0896,-0.3697,0.9828,0
23324,-0.0757,-0.4293,0.995,0
23334,-0.1196,-0.4693,0.9572,0
23344,-0.0652,-0.4273,0.9611,0
23354,0.0574,-0.3541,0.9992,0
23364,0.1874,-0.2607,0.9853,0
23374,0.2306,-0.1813,0.9584,0
23384,0.1264,-0.1779,1.0023,0
23394,-0.0325,-0.2492,0.9943,0
23404,-0.1701,-0.3295,0.8566,0
23414,-0.2841,-0.3978,0.7641,0
23424,-0.3519,-0.4198,0.8452,0
23434,-0.2485,-0.3951,0.8498,0
23444,-0.0095,-0.3063,0.8222,0
23454,0.1992,-0.2038,0.8976,0
23464,0.3356,-0.1391,1.0121,0
23474,0.4025,-0.1313,1.0595,0
23484,0.4056,-0.1152,1.1368,0
23494,0.3929,-0.145,1.1773,0
23504,0.409,-0.1472,1.1244,0
23514,0.4366,-0.1301,1.0075,0
23524,0.3668,-0.1225,1.0009,0
23534,0.2624,-0.1352,1.0519,0
23544,0.2399,-0.1369,1.0148,0
23554,0.248,-0.1269,0.9645,0
23564,0.2375,-0.1599,0.9569,0
23574,0.1828,-0.2055,0.9943,0
23584,0.1391,-0.2558,0.9865,0
23594,0.1108,-0.2675,0.9555,0
23604,0.1062,-0.2406,0.9128,0
23614,0.1091,-0.2004,0.8937,0
23624,0.1201,-0.1909,0.8937,0
23634,0.1001,-0.2221,0.925,0
23644,0.0471,-0.2909,0.9836,0
23654,0.0308,-0.3802,1.0053,0
23664,0.0493,-0.442,0.9718,0
23674,0.0937,-0.4771,0.8903,0
23684,0.082,-0.4705,0.9045,0
23694,0.0308,-0.4666,0.9718,0
23704,0.0359,-0.4649,0.8928,0
23714,0.0583,-0.4291,0.8684,0
23724,0.1013,-0.3737,0.9372,0
23734,0.1848,-0.3087,0.9738,0
23744,0.2521,-0.2423,0.9933,0
23754,0.2443,-0.2048,0.996,0
23764,0.2089,-0.1994,0.912,0
23774,0.1279,-0.2074,0.8422,0
23784,0.0278,-0.2438,0.8305,0
23794,-0.0308,-0.2868,0.8098,0
23804,-0.0437,-0.2931,0.8376,0
23814,-0.0112,-0.2897,0.9062,0
23824,0.0681,-0.2873,0.9001,0
23834,0.1355,-0.2914,0.8691,0
23844,0.124,-0.3324,0.8701,0
23854,0.0588,-0.4066,0.8681,0
23864,-0.0259,-0.4869,0.8271,0
23874,-0.1145,-0.5567,0.8213,0
23884,-0.1596,-0.5923,0.8398,0
23894,-0.1096,-0.5748,0.8339,0
23904,0.0229,-0.5072,0.8115,0
23914,0.2155,-0.4168,0.7885,0
23924,0.3815,-0.3021,0.843,0
23934,0.4749,-0.2057,0.9599,0
23944,0.5015,-0.1511,1.0407,0
23954,0.4525,-0.1474,1.0267,0
23964,0.3002,-0.1957,1.015,0
23974,0.0708,-0.2836,1.0199,0
23984,-0.0981,-0.3839,0.8671,0
23994,-0.2204,-0.433,0.7663,0
24004,-0.2392,-0.4349,0.7239,0
24014,-0.1308,-0.3644,0.7344,0
24024,0.051,-0.2377,0.8676,0
24034,0.2694,-0.1228,0.9792,0
24044,0.4327,-0.021,1.0619,0
24054,0.4493,-0.0105,1.1168,0
24064,0.2963,-0.1193,1.0704,0
24074,-0.0149,-0.3095,0.9645,0
24084,-0.38,-0.5543,0.8156,0
24094,-0.6629,-0.7292,0.7058,0
24104,-0.74,-0.7881,0.6802,0
24114,-0.5831,-0.7195,0.7458,0
24124,-0.2716,-0.5579,0.8935,0
24134,0.0617,-0.3973,1.0343,0
24144,0.3231,-0.2987,1.1105,0
24154,0.4476,-0.2897,1.1368,0
24164,0.4249,-0.3654,1.1027,0
24174,0.2816,-0.4788,1.0563,0
24184,0.0688,-0.5909,1.0531,0
24194,-0.1093,-0.6568,1.0602,0
24204,-0.1652,-0.6809,0.9953,0
24214,-0.124,-0.6416,0.9526,0
24224,-0.0466,-0.5733,0.9916,0
24234,0.0556,-0.5067,1.0221,0
24244,0.1689,-0.4527,0.9753,0
24254,0.247,-0.4137,0.9418,0
24264,0.2704,-0.399,0.934,0
24274,0.2272,-0.3922,0.9672,0
24284,0.165,-0.3934,0.9328,0
24294,0.0857,-0.3756,0.9074,0
24304,0.0244,-0.3309,0.9079,0
24314,0.0347,-0.2663,0.8832,0
24324,0.1074,-0.1848,0.8498,0
24334,0.1547,-0.1276,0.8832,0
24344,0.1435,-0.1437,0.9343,0
24354,0.1032,-0.2321,0.9196,0
24364,0.0476,-0.3441,0.843,0
24374,-0.0483,-0.4608,0.8027,0
24384,-0.1872,-0.5708,0.8086,0
24394,-0.3112,-0.6804,0.8049,0
24404,-0.3453,-0.7463,0.7859,0
24414,-0.276,-0.741,0.8576,0
24424,-0.0876,-0.6724,0.8991,0
24434,0.1489,-0.5662,0.8688,0
24444,0.2765,-0.5264,0.7214,0
24454,0.1345,-0.5674,0.8452,0
24464,-0.1093,-0.5704,1.2198,0
24474,0.0259,-0.4888,1.1546,0
24484,0.3514,-0.2904,0.7959,0
24494,0.4576,-0.1376,0.658,0
24504,0.2875,-0.1042,0.8225,0
24514,0.0903,-0.0781,0.9621,0
24524,0.0332,-0.0901,0.854,0
24534,0.0308,-0.1106,0.6521,0
24544,-0.0486,-0.1852,0.5752,0
24554,-0.2148,-0.2738,0.6807,0
24564,-0.3358,-0.3536,0.8208,0
24574,-0.3075,-0.4095,0.8359,0
24584,-0.1857,-0.4415,0.8059,0
24594,-0.1108,-0.43,0.9172,0
24604,-0.0715,-0.4271,1.1283,0
24614,0.1052,-0.3624,1.1722,0
24624,0.3285,-0.2943,1.0631,0
24634,0.4442,-0.2946,0.9921,0
24644,0.3905,-0.379,1.0365,0
24654,0.2738,-0.4947,1.0821,0
24664,0.1591,-0.5892,1.059,0
24674,0.0534,-0.6438,1.0102,0
24684,-0.0417,-0.638,0.9948,0
24694,-0.0962,-0.5391,1.0258,0
24704,-0.091,-0.3817,1.066,0
24714,-0.0076,-0.1901,1.0458,0
24724,0.0927,-0.031,0.9921,0
24734,0.1425,0.0505,0.9247,0
24744,0.1027,0.0491,0.9357,0
24754,0.0752,0.0207,0.9555,0
24764,0.1274,0.0049,0.8959,0
24774,0.1826,-0.0151,0.8488,0
24784,0.1884,-0.0427,0.8623,0
24794,0.1852,-0.1147,0.8588,0
24804,0.1684,-0.1955,0.8601,0
24814,0.1952,-0.2958,0.8237,0
24824,0.1882,-0.4042,0.8215,0
24834,0.1467,-0.5233,0.9162,0
24844,0.1762,-0.5799,0.9662,0
24854,0.2743,-0.5789,0.9796,0
24864,0.3356,-0.5425,1.0341,0
24874,0.3407,-0.5072,1.0926,0
24884,0.329,-0.4786,1.0817,0
24894,0.3348,-0.474,0.9613,0
24904,0.2841,-0.5054,0.8513,0
24914,0.1081,-0.5748,0.9042,0
24924,0.01,-0.5943,0.9052,0
24934,0.0066,-0.555,0.8288,0
24944,-0.0249,-0.483,0.8071,0
24954,-0.0603,-0.3946,0.8479,0
24964,-0.0325,-0.267,0.8532,0
24974,0.0534,-0.1213,0.8025,0
24984,0.1296,-0.0325,0.77,0
24994,0.1586,-0.0229,0.782,0
25004,0.1799,-0.0783,0.8017,0
25014,0.1935,-0.1386,0.8349,0
25024,0.2431,-0.1862,0.8496,0
25034,0.287,-0.1811,0.8979,0
25044,0.3241,-0.1599,0.9779,0
25054,0.3978,-0.1301,0.9545,0
25064,0.4574,-0.1137,0.8957,0
25074,0.4327,-0.1499,0.9086,0
25084,0.3795,-0.2358,0.9235,0
25094,0.3407,-0.3331,0.9086,0
25104,0.3063,-0.4359,0.9018,0
25114,0.2604,-0.5357,0.9421,0
25124,0.2472,-0.6106,0.9657,0
25134,0.2953,-0.6245,0.954,0
25144,0.3483,-0.564,0.9723,0
25154,0.3951,-0.4801,0.9984,0
25164,0.4271,-0.389,1.0277,0
25174,0.4442,-0.3178,1.0736,0
25184,0.4539,-0.2624,1.1283,0
25194,0.4945,-0.2033,1.1051,0
25204,0.5015,-0.1352,1.0638,0
25214,0.4405,-0.102,1.0477,0
25224,0.3558,-0.0764,1.0133,0
25234,0.2829,-0.0532,0.9064,0
25244,0.2172,-0.0571,0.7917,0
25254,0.1411,-0.0676,0.7441,0
25264,0.1189,-0.0747,0.717,0
25274,0.1647,-0.061,0.6907,0
25284,0.2096,-0.0491,0.7454,0
25294,0.2668,-0.0415,0.8498,0
25304,0.3595,-0.0264,0.9484,0
25314,0.4718,0.0005,1.0165,0
25324,0.5604,0.0071,1.0516,0
25334,0.5962,-0.0227,1.0697,0
25344,0.6026,-0.0979,1.0634,0
25354,0.5945,-0.206,1.0133,0
25364,0.5486,-0.3492,0.9784,0
25374,0.4701,-0.4881,0.9814,0
25384,0.3866,-0.5979,0.9694,0
25394,0.3212,-0.6699,0.9184,0
25404,0.2543,-0.7017,0.8637,0
25414,0.2092,-0.6985,0.8029,0
25424,0.184,-0.6665,0.7305,0
25434,0.166,-0.6263,0.6748,0
25444,0.1235,-0.5923,0.6746,0
25454,0.0837,-0.5728,0.719,0
25464,0.1037,-0.5347,0.7563,0
25474,0.1674,-0.493,0.7746,0
25484,0.2548,-0.464,0.8005,0
25494,0.348,-0.4461,0.8571,0
25504,0.399,-0.4474,1.0026,0
25514,0.4967,-0.4098,1.0778,0
25524,0.638,-0.3351,1.0433,0
25534,0.6758,-0.2738,1.0812,0
25544,0.6328,-0.267,1.0997,0
25554,0.6675,-0.3236,0.922,0
25564,0.6565,-0.4127,0.7732,0
25574,0.5391,-0.5748,0.739,0
25584,0.4239,-0.7278,0.7346,0
25594,0.3529,-0.8015,0.72,0
25604,0.2341,-0.7798,0.7995,0
25614,0.0715,-0.6826,0.8932,0
25624,-0.0569,-0.5047,0.9733,0
25634,-0.0727,-0.215,0.9682,0
25644,0.0491,0.01,0.8227,0
25654,0.2714,0.1572,0.5809,0
25664,0.4537,0.2277,0.4237,0
25674,0.4786,0.1594,0.4847,0
25684,0.3585,0.0122,0.6941,0
25694,0.2599,-0.1879,0.854,0
25704,0.2382,-0.347,0.9264,0
25714,0.3017,-0.3998,0.9428,0
25724,0.4298,-0.3612,0.9201,0
25734,0.4749,-0.2624,1.0333,0
25744,0.4381,-0.2265,1.2012,0
25754,0.4532,-0.2668,1.1793,0
25764,0.532,-0.3065,1.0512,0
25774,0.4823,-0.4061,1.0604,0
25784,0.4308,-0.5096,1.0516,0
25794,0.4103,-0.5098,0.9655,0
25804,0.318,-0.4459,0.9294,0
25814,0.1223,-0.3573,1.0133,0
25824,-0.0669,-0.2477,1.0924,0
25834,-0.0481,-0.1157,0.9579,0
25844,0.0207,-0.0151,0.8454,0
25854,0.0937,0.0371,0.8496,0
25864,0.1757,0.0503,0.8571,0
25874,0.3207,0.0266,0.7739,0
25884,0.3819,0.021,0.7837,0
25894,0.3676,-0.021,0.8925,0
25904,0.329,-0.0434,1.0006,0
25914,0.3905,-0.0771,0.9338,0
25924,0.4727,-0.0825,0.8549,0
25934,0.2628,-0.1733,1.161,0
25944,0.2785,-0.3456,1.1232,0
25954,0.409,-0.3744,0.8688,0
25964,0.3541,-0.4622,0.8979,0
25974,0.1984,-0.5399,1.0448,0
25984,0.1816,-0.5557,1.0238,0
25994,0.2636,-0.4805,0.8991,0
26004,0.2863,-0.4171,0.8774,0
26014,0.2216,-0.3822,0.9872,0
26024,0.214,-0.317,1.0368,0
26034,0.2624,-0.2502,0.9953,0
26044,0.2726,-0.184,0.9853,0
26054,0.2333,-0.1301,0.9967,0
26064,0.1845,-0.1035,0.9777,0
26074,0.1308,-0.1025,0.9299,0
26084,0.1006,-0.1352,0.8183,0
26094,0.0918,-0.186,0.7092,0
26104,0.0857,-0.2304,0.6907,0
26114,0.103,-0.2628,0.7126,0
26124,0.0952,-0.2904,0.8193,0
26134,0.0591,-0.2597,0.9745,0
26144,0.0478,-0.2377,1.0433,0
26154,0.0822,-0.2033,0.9928,0
26164,0.1259,-0.1384,0.8942,0
26174,0.1682,-0.091,0.8064,0
26184,0.2094,-0.0791,0.7585,0
26194,0.1874,-0.0659,0.8637,0
26204,0.1455,-0.1125,1.0145,0
26214,0.1789,-0.163,1.0368,0
26224,0.2314,-0.1923,0.9943,0
26234,0.2284,-0.2111,0.998,0
26244,0.1513,-0.2221,1.0814,0
26254,0.1257,-0.2118,1.058,0
26264,0.1738,-0.2016,0.9045,0
26274,0.204,-0.2053,0.8239,0
26284,0.1769,-0.2118,0.903,0
26294,0.1572,-0.2353,1.0285,0
26304,0.1962,-0.2333,1.0775,0
26314,0.2272,-0.2157,1.0892,0
26324,0.1984,-0.197,1.1051,0
26334,0.1606,-0.1928,1.0795,0
26344,0.1274,-0.176,1.035,0
26354,0.1323,-0.1701,0.9679,0
26364,0.1891,-0.1694,0.864,0
26374,0.2128,-0.1567,0.8403,0
26384,0.115,-0.1904,0.9726,0
26394,0.0198,-0.2216,1.0521,0
26404,0.0029,-0.2297,0.9889,0
26414,-0.0595,-0.2277,0.9635,0
26424,-0.1403,-0.2423,0.9562,0
26434,-0.1562,-0.2436,0.8764,0
26444,-0.1455,-0.2143,0.8596,0
26454,-0.1679,-0.193,0.9477,0
26464,-0.1208,-0.1845,0.9889,0
26474,-0.0298,-0.1313,0.9887,0
26484,0.0308,-0.0991,1.0563,0
26494,0.0891,-0.0769,1.1432,0
26504,0.1725,-0.0403,1.1783,0
26514,0.2184,-0.022,1.1895,0
26524,0.1806,-0.0481,1.1812,0
26534,0.1157,-0.1013,1.1705,0
26544,0.0776,-0.1362,1.1473,0
26554,0.1042,-0.1852,1.0948,0
26564,0.1357,-0.2123,1.0692,0
26574,0.1318,-0.2389,1.118,0
26584,0.174,-0.2333,1.1707,0
26594,0.2236,-0.1696,1.2098,0
26604,0.1921,-0.111,1.2071,0
26614,0.0835,-0.0622,1.2078,0
26624,-0.0415,0.0032,1.1849,0
26634,-0.1213,0.0578,1.0934,0
26644,-0.1996,0.1259,0.9865,0
26654,-0.2165,0.0635,0.8232,0
26664,-0.0869,-0.0193,0.6077,0
26674,0.1511,-0.0998,0.4666,0
26684,0.2267,-0.1945,0.6629,0
26694,0.1323,-0.3558,1.0409,0
26704,0.1123,-0.4371,1.1295,0
26714,0.1481,-0.4749,0.9743,0
26724,0.0278,-0.481,0.925,0
26734,-0.0356,-0.4937,0.8215,0
26744,0.0105,-0.3712,0.6838,0
26754,0.0425,-0.2738,0.6067,0
26764,0.0835,-0.2904,0.5506,0
26774,0.0693,-0.2885,0.7419,0
26784,0.1035,-0.3129,0.9897,0
26794,0.3143,-0.3275,0.9826,0
26804,0.4893,-0.279,0.9379,0
26814,0.4791,-0.2497,1.048,0
26824,0.3497,-0.2079,1.2335,0
26834,0.2726,-0.1459,1.2801,0
26844,0.2597,-0.1042,1.1429,0
26854,0.1938,-0.1218,0.9726,0
26864,0.041,-0.2467,0.8691,0
26874,-0.0691,-0.4029,0.7795,0
26884,-0.0779,-0.5154,0.7168,0
26894,-0.0339,-0.5657,0.7414,0
26904,-0.0234,-0.585,0.8784,0
26914,0.0356,-0.5381,0.9994,0
26924,0.1525,-0.4251,1.0441,0
26934,0.2624,-0.2711,1.0643,0
26944,0.3056,-0.1606,1.0585,0
26954,0.2997,-0.1323,0.9782,0
26964,0.2477,-0.176,0.8947,0
26974,0.1618,-0.2572,0.8862,0
26984,0.1591,-0.3541,0.8313,0
26994,0.1513,-0.3978,0.832,0
27004,0.0754,-0.44,0.944,0
27014,0.0603,-0.43,0.9916,0
27024,0.081,-0.3461,1.0128,0
27034,0.1528,-0.2262,0.9989,0
27044,0.2079,-0.1137,0.9735,0
27054,0.238,-0.0742,0.9111,0
27064,0.2477,-0.1403,0.7781,0
27074,0.152,-0.2909,0.7739,0
27084,0.0449,-0.4559,0.851,0
27094,0.0122,-0.5716,0.9145,0
27104,0.0081,-0.6045,0.9543,0
27114,0.061,-0.566,0.9303,0
27124,0.1132,-0.4666,0.8979,0
27134,0.1311,-0.3275,0.9538,0
27144,0.1572,-0.1782,1.0416,0
27154,0.2614,-0.0537,1.0119,0
27164,0.3795,0.0095,0.8952,0
27174,0.4083,0.0217,0.7893,0
27184,0.2892,-0.0403,0.8156,0
27194,0.1025,-0.113,0.9076,0
27204,0.0083,-0.1655,0.8884,0
27214,-0.0041,-0.1943,0.7871,0
27224,0.0005,-0.2138,0.697,0
27234,0.0012,-0.2472,0.6626,0
27244,-0.0137,-0.2582,0.7407,0
27254,-0.0735,-0.2807,0.9191,0
27264,0.0098,-0.3346,0.8854,0
27274,0.1474,-0.409,0.7803,0
27284,0.2123,-0.5272,0.779,0
27294,0.2197,-0.6497,0.8603,0
27304,0.1528,-0.7427,1.0233,0
27314,0.1325,-0.7754,1.1112,0
27324,0.2184,-0.7007,1.0202,0
27334,0.266,-0.5506,0.9242,0
27344,0.1374,-0.3844,0.9823,0
27354,0.0381,-0.2965,0.9462,0
27364,-0.0044,-0.2426,0.7729,0
27374,-0.0281,-0.2855,0.6253,0
27384,-0.061,-0.3695,0.5957,0
27394,-0.1306,-0.4476,0.7195,0
27404,-0.2106,-0.4815,0.9303,0
27414,-0.1747,-0.4186,1.0931,0
27424,-0.0171,-0.2772,1.1031,0
27434,0.1457,-0.1437,1.0465,0
27444,0.276,-0.053,1.0099,0
27454,0.2926,-0.0544,1.1212,0
27464,0.2877,-0.1374,1.2835,0
27474,0.3283,-0.2663,1.3526,0
27484,0.4347,-0.4083,1.3157,0
27494,0.4239,-0.5289,1.4097,0
27504,0.3715,-0.6123,1.5459,0
27514,0.4237,-0.5943,1.5149,0
27524,0.5059,-0.4762,1.4165,0
27534,0.5145,-0.3502,1.3933,0
27544,0.513,-0.2143,1.374,0
27554,0.524,-0.0813,1.3106,0
27564,0.5255,0.002,1.222,0
27574,0.4957,0.0183,1.128,0
27584,0.4276,-0.0264,1.0477,0
27594,0.3466,-0.1052,0.9569,0
27604,0.2682,-0.1896,0.881,0
27614,0.1843,-0.2297,0.8588,0
27624,0.1211,-0.2494,0.8781,0
27634,0.0771,-0.2121,0.8837,0
27644,0.1184,-0.1772,0.81,0
27654,0.1647,-0.1167,0.7598,0
27664,0.1791,-0.0888,0.7622,0
27674,0.1843,-0.0971,0.7568,0
27684,0.1725,-0.1416,0.7678,0
27694,0.1564,-0.2084,0.7754,0
27704,0.1508,-0.2758,0.7651,0
27714,0.1435,-0.3178,0.7666,0
27724,0.1477,-0.3375,0.7639,0
27734,0.1442,-0.338,0.7607,0
27744,0.1179,-0.3358,0.7766,0
27754,0.1064,-0.3329,0.7702,0
27764,0.125,-0.3161,0.7536,0
27774,0.1242,-0.3021,0.7998,0
27784,0.152,-0.3048,0.82,0
27794,0.2284,-0.2973,0.7978,0
27804,0.2824,-0.288,0.8254,0
27814,0.2999,-0.2841,0.8901,0
27824,0.3214,-0.265,0.9277,0
27834,0.3624,-0.2101,0.9167,0
27844,0.3802,-0.1599,0.9094,0
27854,0.3527,-0.1276,0.9301,0
27864,0.3202,-0.1208,0.9145,0
27874,0.3114,-0.1428,0.8532,0
27884,0.298,-0.1957,0.823,0
27894,0.2929,-0.2846,0.8066,0
27904,0.31,-0.3595,0.782,0
27914,0.2733,-0.4256,0.8376,0
27924,0.2118,-0.4937,0.9228,0
27934,0.2177,-0.5255,0.9081,0
27944,0.2772,-0.5123,0.8378,0
27954,0.3082,-0.4845,0.8352,0
27964,0.3178,-0.4459,0.8789,0
27974,0.3495,-0.3912,0.9037,0
27984,0.3912,-0.3358,0.9142,0
27994,0.412,-0.3043,0.9325,0
28004,0.4269,-0.2812,0.9257,0
28014,0.4227,-0.2646,0.9138,0
28024,0.3805,-0.2677,0.9247,0
28034,0.3373,-0.2724,0.9062,0
28044,0.3141,-0.2765,0.8618,0
28054,0.2877,-0.2787,0.8252,0
28064,0.2609,-0.2987,0.8134,0
28074,0.2419,-0.3248,0.8296,0
28084,0.2516,-0.3641,0.8276,0
28094,0.2758,-0.3937,0.8254,0
28104,0.286,-0.4137,0.8603,0
28114,0.297,-0.4217,0.9167,0
28124,0.3405,-0.4017,0.9413,0
28134,0.3871,-0.3614,0.9499,0
28144,0.4125,-0.3141,0.975,0
28154,0.4442,-0.2716,0.9755,0
28164,0.4713,-0.2262,0.9511,0
28174,0.4776,-0.2055,0.9228,0
28184,0.4593,-0.2067,0.9028,0
28194,0.4222,-0.2167,0.892,0
28204,0.3817,-0.2443,0.8701,0
28214,0.3453,-0.2636,0.8398,0
28224,0.3058,-0.2777,0.8232,0
28234,0.2858,-0.2921,0.7949,0
28244,0.2904,-0.2943,0.7622,0
28254,0.3168,-0.289,0.739,0
28264,0.3573,-0.2841,0.7275,0
28274,0.3905,-0.278,0.7527,0
28284,0.4137,-0.2733,0.8098,0
28294,0.4361,-0.2775,0.8632,0
28304,0.4574,-0.2924,0.8767,0
28314,0.4625,-0.3161,0.8693,0
28324,0.4456,-0.3473,0.8649,0
28334,0.4168,-0.39,0.8525,0
28344,0.3878,-0.4247,0.8261,0
28354,0.3583,-0.4569,0.8037,0
28364,0.3366,-0.472,0.7815,0
28374,0.3305,-0.4681,0.76,0
28384,0.3246,-0.4432,0.7646,0
28394,0.3195,-0.4147,0.7861,0
28404,0.3297,-0.3795,0.7829,0
28414,0.3405,-0.3414,0.7812,0
28424,0.3412,-0.3112,0.7986,0
28434,0.3478,-0.2853,0.7944,0
28444,0.3556,-0.2619,0.7932,0
28454,0.3485,-0.2558,0.8144,0
28464,0.3627,-0.2519,0.81,0
28474,0.3859,-0.2448,0.7861,0
28484,0.3937,-0.2536,0.7893,0
28494,0.3876,-0.276,0.8227,0
28504,0.3873,-0.2963,0.8654,0
28514,0.4025,-0.3117,0.8996,0
28524,0.419,-0.3183,0.9211,0
28534,0.421,-0.3278,0.9274,0
28544,0.4249,-0.3344,0.9072,0
28554,0.4256,-0.3405,0.8691,0
28564,0.4061,-0.3475,0.8613,0
28574,0.3751,-0.3539,0.8764,0
28584,0.3593,-0.361,0.8884,0
28594,0.371,-0.3573,0.8952,0
28604,0.3888,-0.3524,0.902,0
28614,0.3956,-0.347,0.9291,0
28624,0.4088,-0.3368,0.9438,0
28634,0.4308,-0.3241,0.925,0
28644,0.4403,-0.3109,0.9111,0
28654,0.431,-0.3014,0.904,0
28664,0.4154,-0.2956,0.8911,0
28674,0.3927,-0.2924,0.8635,0
28684,0.3685,-0.2973,0.8149,0
28694,0.3214,-0.308,0.7903,0
28704,0.2638,-0.3309,0.7724,0
28714,0.2167,-0.3563,0.7519,0
28724,0.1765,-0.3737,0.7336,0
28734,0.1535,-0.3917,0.7124,0
28744,0.1574,-0.3924,0.6973,0
28754,0.1728,-0.3763,0.7092,0
28764,0.1948,-0.3612,0.7351,0
28774,0.226,-0.3395,0.7602,0
28784,0.265,-0.3207,0.7793,0
28794,0.2987,-0.3126,0.8071,0
28804,0.3209,-0.3075,0.8313,0
28814,0.3214,-0.3092,0.8764,0
28824,0.3175,-0.3175,0.9028,0
28834,0.327,-0.3275,0.8864,0
28844,0.3229,-0.3388,0.8698,0
28854,0.3068,-0.3549,0.8686,0
28864,0.2921,-0.3724,0.8742,0
28874,0.2934,-0.38,0.8623,0
